danceability,energy,loudness,speechiness,acousticness,instrumentalness,liveness,valence,tempo,song_emotion
0.7,0.526,-6.246,0.0355,0.0981,0.471,0.102,0.774,92.015,0
0.802,0.763,-6.456,0.0336,0.22,0.000396,0.128,0.789,120.078,0
0.953,0.584,-7.57,0.0518,0.543,0,0.0786,0.861,104.007,0
0.792,0.63,-6.741,0.0682,0.102,0,0.0758,0.659,100.022,0
0.791,0.558,-7.155,0.0661,0.276,0,0.0859,0.872,95.077,0
0.843,0.892,-4.371,0.0527,0.0512,1.13E-06,0.101,0.655,125.991,0
0.714,0.892,-5.342,0.0516,0.00145,0.000817,0.0462,0.899,134.997,0
0.647,0.792,-9.815,0.0373,0.00536,5.82E-05,0.054,0.306,132.032,0
0.568,0.921,-4.558,0.0771,0.277,3.59E-06,0.151,0.647,131.903,0
0.679,0.688,-5.522,0.0293,0.0773,0,0.704,0.424,127.951,0
0.827,0.737,-5.473,0.0764,0.0316,0.000322,0.211,0.873,121.99,0
0.847,0.938,-4.615,0.0974,0.149,0,0.107,0.786,130.02,0
0.688,0.941,-5.23,0.0583,0.0811,2.89E-06,0.0697,0.909,138.047,0
0.536,0.903,-5.501,0.307,0.154,4.50E-05,0.064,0.656,129.965,0
0.835,0.718,-6.614,0.0816,0.363,0.000919,0.0625,0.64,139.968,0
0.727,0.9,-4.529,0.0452,0.0805,0.0464,0.154,0.505,131.97,0
0.726,0.994,-2.433,0.0543,0.021,0.0108,0.222,0.779,129.989,0
0.95,0.694,-7.089,0.0516,0.0317,1.93E-06,0.137,0.961,119.972,0
0.905,0.863,-3.76,0.0413,0.376,1.44E-05,0.0916,0.807,95,0
0.733,0.963,-5.06,0.0665,0.0558,1.32E-05,0.0766,0.91,145.05,0
0.93,0.531,-6.122,0.0971,0.0141,0,0.0529,0.797,113.988,0
0.541,0.676,-3.893,0.153,0.442,0,0.159,0.845,90.037,0
0.838,0.713,-4.21,0.0877,0.464,6.64E-05,0.141,0.95,96.988,0
0.676,0.935,-3.499,0.0892,0.00917,0,0.097,0.802,144.944,0
0.767,0.869,-3.381,0.0908,0.14,0,0.221,0.751,98.208,0
0.716,0.807,-6.944,0.0753,0.0259,0,0.308,0.74,89.963,0
0.83,0.6,-7.826,0.0633,0.0039,0.000101,0.263,0.369,105.975,0
0.742,0.947,-3.749,0.0321,0.0906,0.0221,0.0721,0.88,130.043,0
0.721,0.65,-6.95,0.135,0.0115,0.00014,0.34,0.392,130.487,0
0.794,0.878,-7.502,0.078,0.00138,0.029,0.197,0.352,129.978,0
0.786,0.579,-14.913,0.142,0.186,0,0.118,0.481,90.012,0
0.816,0.922,-2.963,0.149,0.178,0,0.373,0.887,95.006,0
0.799,0.784,-5.207,0.0519,0.11,2.84E-06,0.227,0.26,96.953,0
0.701,0.681,-6.442,0.0466,0.134,0,0.064,0.81,122.539,0
0.669,0.877,-3.336,0.163,0.242,2.22E-05,0.0911,0.921,90.392,0
0.782,0.827,-4.219,0.0627,0.159,0,0.226,0.498,104.032,0
0.845,0.686,-6.728,0.0781,0.00131,5.35E-05,0.129,0.874,146.954,0
0.774,0.991,-6.151,0.0778,0.182,0.000403,0.0305,0.825,141.931,0
0.794,0.962,-9.801,0.0719,0.0659,7.89E-06,0.119,0.682,122.926,0
0.845,0.659,-6.348,0.0373,0.159,0.0129,0.0782,0.547,125.965,0
0.783,0.889,-2.691,0.0598,0.108,3.06E-05,0.333,0.851,111.983,0
0.687,0.911,-6.247,0.0588,0.0254,0,0.366,0.543,121.985,0
0.854,0.847,-4.616,0.0451,0.125,0.000124,0.0512,0.845,120.006,0
0.716,0.899,-5.29,0.0485,0.0751,0.00246,0.145,0.754,139.976,0
0.613,0.696,-9.486,0.0504,0.136,0.00222,0.053,0.874,122.056,0
0.758,0.877,-5.047,0.0806,0.138,1.92E-05,0.085,0.707,108.011,0
0.774,0.934,-6.422,0.0516,0.118,0.00284,0.0897,0.882,105.968,0
0.688,0.954,-3.076,0.145,0.209,0.00326,0.0387,0.766,140.186,0
0.746,0.946,-4.114,0.0589,0.045,0.000435,0.287,0.946,130.017,0
0.806,0.909,-5.295,0.0658,0.0267,0.000343,0.057,0.653,119.996,0
0.796,0.978,-1.266,0.0955,0.289,0.00254,0.346,0.8,129.999,0
0.818,0.762,-4.51,0.0473,0.0718,2.34E-06,0.0401,0.543,113.034,0
0.84,0.884,-3.217,0.334,0.427,0,0.0885,0.972,118.007,0
0.848,0.72,-6.746,0.0752,0.0678,0,0.128,0.831,128.017,0
0.861,0.75,-6.657,0.0797,0.034,3.65E-05,0.0381,0.832,116.984,0
0.721,0.867,-3.652,0.0903,0.12,0.00577,0.123,0.893,102.009,0
0.679,0.622,-8.514,0.0328,0.272,6.52E-05,0.106,0.483,98.028,0
0.76,0.555,-10.165,0.0465,0.409,0.213,0.0822,0.52,98.066,0
0.707,0.501,-7.389,0.0372,0.387,1.81E-06,0.095,0.542,93.978,0
0.615,0.744,-6.176,0.0267,0.0508,0.252,0.309,0.715,90.036,0
0.688,0.701,-7.505,0.0298,0.06,0.0301,0.271,0.385,110.019,0
0.675,0.669,-4.878,0.0359,0.412,0,0.21,0.618,90.027,0
0.703,0.786,-6.779,0.0483,0.198,0.000712,0.101,0.647,93.987,0
0.688,0.701,-7.505,0.0298,0.06,0.0301,0.271,0.385,110.019,0
0.678,0.547,-6.89,0.0286,0.232,0.000176,0.0785,0.579,143.892,0
0.799,0.588,-9.136,0.0302,0.184,2.68E-05,0.0788,0.789,115.087,0
0.909,0.906,-3.701,0.206,0.09,1.25E-05,0.287,0.625,121.996,0
0.803,0.791,-5.79,0.0889,0.195,0.00357,0.353,0.549,136.025,0
0.853,0.785,-6.08,0.0619,0.29,0,0.0589,0.786,106.046,0
0.724,0.848,-4.724,0.0522,0.0787,9.16E-05,0.104,0.781,123.02,0
0.746,0.779,-4.175,0.0429,0.189,0.00307,0.0923,0.767,117.891,0
0.73,0.656,-5.07,0.0294,0.00797,0.00271,0.108,0.743,131.04,0
0.914,0.585,-10.459,0.126,0.019,9.65E-05,0.0503,0.53,110.981,0
0.8,0.904,-5.101,0.0628,0.238,3.34E-06,0.107,0.714,95.04,0
0.696,0.95,-4.942,0.0963,0.0873,0.000345,0.0944,0.743,125.029,0
0.707,0.926,-4.858,0.129,0.128,0,0.347,0.713,120.02,0
0.702,0.897,-5.217,0.0329,0.11,4.81E-06,0.107,0.911,120.007,0
0.817,0.922,-6.999,0.0817,0.311,0.00388,0.0721,0.862,121.988,0
0.824,0.757,-5.047,0.0744,0.368,0.000108,0.146,0.97,100.029,0
0.337,0.963,-2.93,0.296,0.284,0,0.281,0.405,62.481,0
0.801,0.922,-6.562,0.114,0.0638,0.000627,0.349,0.788,110.042,0
0.749,0.734,-7.058,0.0594,0.00166,6.48E-06,0.108,0.652,131.975,0
0.794,0.771,-8.418,0.0921,0.224,1.18E-05,0.465,0.624,94.824,0
0.692,0.875,-7.381,0.0571,0.545,5.78E-05,0.326,0.787,84.575,0
0.781,0.766,-8.728,0.0564,0.122,0.000104,0.121,0.798,106.193,0
0.81,0.846,-4.451,0.0435,0.0454,9.14E-05,0.374,0.885,123.966,0
0.825,0.559,-7.907,0.0722,0.0212,0.000689,0.205,0.207,105.957,0
0.325,0.421,-8.636,0.0561,0.659,4.46E-06,0.0825,0.204,170.363,0
0.678,0.622,-7.988,0.0695,0.138,2.32E-06,0.122,0.535,100.005,0
0.734,0.355,-10.605,0.083,0.296,0.000135,0.124,0.584,193.922,0
0.82,0.907,-4.517,0.0607,0.655,4.85E-05,0.0816,0.834,126.062,0
0.778,0.812,-8.561,0.046,0.0573,8.28E-06,0.243,0.791,99.962,0
0.804,0.887,-5.169,0.0418,0.0355,1.01E-06,0.212,0.915,126.011,0
0.829,0.76,-5.552,0.106,0.0116,1.04E-05,0.336,0.773,107.01,0
0.63,0.729,-4.93,0.0287,0.123,8.00E-06,0.0786,0.44,127.919,0
0.689,0.742,-7.571,0.0413,0.0339,0.0046,0.0928,0.876,155.986,0
0.906,0.699,-5.526,0.0462,0.13,0.0165,0.178,0.938,129.946,0
0.703,0.678,-8.644,0.0417,0.0478,7.02E-05,0.496,0.694,120.051,0
0.704,0.952,-2.331,0.0333,0.0408,0,0.335,0.902,106.99,0
0.806,0.932,-2.228,0.0684,0.24,0,0.216,0.792,106.021,0
0.801,0.856,-4.233,0.065,0.0984,6.62E-05,0.228,0.919,106.026,0
0.761,0.945,-6.089,0.0414,0.169,0.000148,0.0692,0.965,135.011,0
0.796,0.85,-3.641,0.203,0.0992,0,0.129,0.559,136.03,0
0.732,0.944,-4.115,0.09,0.209,0,0.401,0.957,120.02,0
0.806,0.815,-5.373,0.0599,0.0081,2.35E-05,0.586,0.678,129.999,0
0.721,0.944,-4.995,0.142,0.0393,5.86E-05,0.0747,0.728,109.014,0
0.757,0.896,-5.983,0.0474,0.0773,0.00364,0.192,0.79,104.013,0
0.794,0.865,-5.333,0.215,0.149,1.38E-05,0.0468,0.779,126.658,0
0.746,0.782,-6.192,0.0397,0.277,4.70E-06,0.108,0.665,98.976,0
0.69,0.868,-6.472,0.0889,0.217,0,0.325,0.69,96.99,0
0.752,0.822,-8.471,0.102,0.131,0,0.27,0.917,119.966,0
0.836,0.839,-2.974,0.106,0.275,7.25E-06,0.181,0.507,103.992,0
0.772,0.649,-6.411,0.143,0.0724,0,0.0761,0.824,90.072,0
0.692,0.954,-3.93,0.0915,0.0188,0,0.151,0.89,141.98,0
0.679,0.921,-4.416,0.0362,0.0799,1.41E-06,0.0636,0.755,131.084,0
0.702,0.773,-4.79,0.0618,0.0469,0,0.171,0.72,133.892,0
0.732,0.781,-2.98,0.0812,0.357,0,0.2,0.842,91.907,0
0.849,0.592,-4.309,0.102,0.632,2.39E-06,0.108,0.652,89.966,0
0.794,0.977,-5.637,0.178,0.526,0.00196,0.0616,0.687,150.008,0
0.759,0.903,-6.132,0.0725,0.0605,6.29E-06,0.232,0.628,110.004,0
0.707,0.941,-2.606,0.041,0.0173,3.65E-05,0.134,0.337,99.013,0
0.831,0.737,-11.51,0.0497,0.185,0.000937,0.153,0.82,125.552,0
0.752,0.978,-4.786,0.23,0.516,0,0.32,0.804,82.988,0
0.83,0.775,-6.765,0.103,0.137,0,0.192,0.885,105.623,0
0.727,0.925,-5.808,0.0479,0.0998,0.301,0.0554,0.964,98.058,0
0.359,0.972,-3.452,0.109,0.136,2.52E-06,0.14,0.595,62.914,0
0.891,0.913,-4.453,0.149,0.394,0.000173,0.373,0.772,130.045,0
0.77,0.824,-6.491,0.0851,0.485,0,0.318,0.49,172.006,0
0.746,0.924,-6.057,0.0442,0.0169,0.00279,0.097,0.807,136.051,0
0.843,0.9,-4.602,0.0375,0.31,3.09E-05,0.0576,0.89,108.015,0
0.959,0.606,-5.754,0.219,0.345,0,0.126,0.783,110,0
0.685,0.841,-2.932,0.0942,0.118,0,0.26,0.59,97.929,0
0.747,0.81,-8.352,0.0541,0.0688,0.0405,0.0592,0.937,130.012,0
0.793,0.887,-5.285,0.0954,0.0962,6.39E-05,0.623,0.602,100.007,0
0.759,0.952,-2.837,0.123,0.105,0,0.0693,0.812,128.039,0
0.867,0.705,-3.893,0.0522,0.00452,0,0.0868,0.285,94.985,0
0.833,0.74,-4.513,0.129,0.166,2.74E-06,0.363,0.804,103.035,0
0.722,0.933,-3.173,0.069,0.203,5.21E-06,0.166,0.842,108.002,0
0.825,0.798,-3.792,0.321,0.361,0,0.194,0.596,137.981,0
0.705,0.74,-5.82,0.0505,0.0365,0,0.487,0.928,106.953,0
0.84,0.914,-3.916,0.0613,0.0958,0,0.115,0.651,104.019,0
0.484,0.898,-4.132,0.164,0.365,0,0.091,0.68,91.975,0
0.715,0.863,-2.539,0.063,0.62,6.32E-05,0.0972,0.828,99.981,0
0.708,0.946,-4.519,0.0434,0.128,0,0.559,0.477,130.99,0
0.751,0.81,-6.076,0.0456,0.0735,6.61E-06,0.552,0.882,112.004,0
0.803,0.859,-4.405,0.185,0.305,6.18E-05,0.553,0.631,101.007,0
0.833,0.917,-5.498,0.0597,0.175,1.92E-06,0.109,0.874,110.001,0
0.706,0.919,-5.21,0.174,0.223,0,0.319,0.701,101.94,0
0.832,0.477,-6.949,0.0481,0.00725,6.47E-05,0.205,0.844,101.997,0
0.699,0.665,-6.921,0.0483,0.0207,0,0.376,0.558,105.053,0
0.912,0.677,-4.212,0.0713,0.193,0,0.0939,0.94,115.061,0
0.814,0.909,-6.875,0.0753,0.319,0,0.345,0.961,100.004,0
0.851,0.998,-1.558,0.301,0.204,0.00102,0.0653,0.255,119.961,0
0.813,0.554,-9.105,0.04,0.0906,1.23E-06,0.0629,0.782,103.953,0
0.787,0.933,-5.712,0.0559,0.00771,0.214,0.116,0.806,113.974,0
0.792,0.959,-2.579,0.0913,0.338,0,0.275,0.874,115.015,0
0.823,0.91,-8.528,0.0321,0.0126,1.53E-05,0.0805,0.895,136.552,0
0.889,0.879,-4.475,0.294,0.172,0,0.792,0.752,96.016,0
0.693,0.956,-5.012,0.071,0.289,0,0.294,0.665,90.005,0
0.809,0.509,-4.856,0.0391,0.031,0,0.175,0.921,95.993,0
0.73,0.944,-3.48,0.164,0.266,0.00443,0.0354,0.657,113.309,0
0.814,0.791,-5.057,0.0934,0.25,0,0.124,0.902,130.941,0
0.644,0.705,-8.307,0.0712,0.627,3.79E-06,0.0591,0.928,175.973,0
0.511,0.561,-5.593,0.0751,0.236,0,0.102,0.667,169.989,0
0.625,0.792,-3.062,0.0952,0.0322,0,0.124,0.751,171.997,0
0.675,0.582,-8.891,0.0277,0.661,5.56E-06,0.0854,0.538,120.991,0
0.66,0.606,-12.23,0.0348,0.455,5.02E-06,0.373,0.885,91.118,0
0.526,0.278,-14.456,0.0392,0.873,0.000762,0.111,0.649,150.16,0
0.822,0.687,-8.167,0.0421,0.0593,0,0.0609,0.816,106.47,0
0.501,0.802,-6.044,0.211,0.217,0,0.156,0.804,79.898,0
0.436,0.499,-12.909,0.0356,0.499,5.01E-05,0.308,0.551,103.104,0
0.624,0.535,-10.531,0.0376,0.642,5.31E-06,0.114,0.577,114.867,0
0.69,0.939,-6.441,0.0583,0.0102,0.0288,0.12,0.615,125.006,0
0.953,0.763,-7.042,0.0667,0.392,6.27E-06,0.0486,0.944,123.014,0
0.793,0.902,-1.994,0.0834,0.254,0.000924,0.0862,0.734,155.921,0
0.877,0.881,-3.713,0.0713,0.421,0.000345,0.12,0.874,123.024,0
0.693,0.891,-4.144,0.263,0.021,0,0.324,0.689,140.117,0
0.809,0.831,-4.043,0.06,0.0162,0.00276,0.0534,0.83,112.016,0
0.747,0.921,-3.851,0.0859,0.0956,0.000164,0.0367,0.671,129.945,0
0.594,0.757,-5.381,0.0504,0.606,0,0.251,0.597,127.894,0
0.843,0.768,-4.554,0.117,0.256,0,0.614,0.662,139.998,0
0.751,0.67,-4.587,0.267,0.0796,0.00018,0.0908,0.766,156.062,0
0.663,0.938,-2.894,0.0335,0.0102,9.01E-06,0.75,0.551,127.988,0
0.742,0.972,-2.598,0.15,0.102,3.29E-05,0.0563,0.766,126.049,0
0.788,0.716,-3.846,0.129,0.0288,0,0.107,0.885,127.061,0
0.829,0.852,-5.4,0.0477,0.00698,0.000278,0.055,0.912,131.989,0
0.712,0.776,-7.424,0.213,0.541,2.17E-06,0.0896,0.96,89.934,0
0.668,0.746,-7.592,0.0603,0.00335,0.00031,0.0773,0.485,119.696,0
0.751,0.54,-7.942,0.0753,0.103,0.000224,0.102,0.9,110.015,0
0.776,0.795,-5.454,0.0485,0.121,0,0.138,0.569,117.989,0
0.622,0.779,-5.799,0.037,0.102,0.000934,0.145,0.761,100.013,0
0.742,0.879,-4.274,0.0328,0.0696,7.17E-06,0.0981,0.936,133.946,0
0.79,0.848,-7.798,0.0508,0.364,0.00147,0.148,0.641,127.034,0
0.778,0.599,-4.758,0.032,0.0705,0,0.59,0.949,116.951,0
0.517,0.565,-10.184,0.0441,0.721,0.00689,0.0997,0.69,169.952,0
0.636,0.785,-6.876,0.0279,0.0262,0.00136,0.297,0.749,125.974,0
0.618,0.765,-5.492,0.0661,0.0111,0.000363,0.122,0.439,104.004,0
0.548,0.466,-7.083,0.0242,0.389,4.01E-05,0.125,0.202,100.066,0
0.847,0.768,-5.479,0.0335,0.432,0.000433,0.104,0.682,120.058,0
0.762,0.622,-5.568,0.0363,0.151,0,0.054,0.712,128.024,0
0.86,0.617,-5.072,0.109,0.169,3.90E-05,0.0798,0.716,96.029,0
0.879,0.716,-3.589,0.0895,0.259,5.03E-06,0.332,0.434,138.057,0
0.888,0.866,-3.477,0.177,0.161,0.00566,0.0551,0.95,141.951,0
0.789,0.707,-7.973,0.109,0.0237,0,0.177,0.605,97.015,0
0.737,0.843,-3.309,0.0591,0.0679,0,0.139,0.679,97.061,0
0.593,0.773,-5.591,0.0339,0.722,0,0.117,0.561,133.975,0
0.747,0.849,-5.916,0.0581,0.175,1.23E-06,0.126,0.671,113.034,0
0.566,0.862,-6.02,0.105,0.0246,0,0.103,0.455,147.974,0
0.746,0.376,-9.477,0.158,0.195,0,0.176,0.729,87.971,0
0.727,0.714,-4.494,0.0872,0.0209,0,0.153,0.618,164.003,0
0.895,0.423,-10.291,0.0621,0.0892,5.65E-06,0.241,0.656,120.051,0
0.695,0.717,-7.939,0.0686,0.257,0,0.0681,0.771,162.084,0
0.423,0.951,-1.726,0.118,0.0204,0.000369,0.331,0.768,78.78,0
0.71,0.907,-4.274,0.0817,0.39,4.91E-06,0.685,0.729,131.989,0
0.745,0.833,-7.59,0.068,0.427,0,0.115,0.534,114.959,0
0.501,0.362,-7.906,0.06,0.507,0,0.191,0.412,169.775,0
0.738,0.873,-5.659,0.107,0.075,0.0294,0.225,0.484,104.982,0
0.818,0.93,-2.982,0.247,0.33,0,0.658,0.831,113.988,0
0.971,0.785,-5.117,0.058,0.211,5.06E-05,0.0492,0.913,114.014,0
0.725,0.938,-3.62,0.188,0.186,0,0.334,0.938,129.931,0
0.52,0.484,-8.399,0.0327,0.228,0.00143,0.15,0.421,124.136,0
0.556,0.926,-6.375,0.329,0.196,0,0.0451,0.707,102.009,0
0.883,0.415,-7.726,0.108,0.219,6.45E-06,0.0861,0.475,92.027,0
0.811,0.921,-3.152,0.117,0.182,0,0.823,0.756,94.98,0
0.743,0.89,-5.146,0.17,0.0829,1.61E-06,0.0583,0.696,129.99,0
0.829,0.654,-6.26,0.0685,0.0942,5.01E-06,0.2,0.335,98.012,0
0.862,0.673,-6.686,0.0688,0.33,0.00856,0.0961,0.841,105.003,0
0.776,0.882,-2.864,0.0456,0.0653,0.000151,0.11,0.789,93.99,0
0.816,0.645,-5.87,0.214,0.147,1.76E-06,0.086,0.753,79.962,0
0.501,0.828,-2.495,0.114,0.053,0,0.135,0.483,84.659,0
0.571,0.9,-4.855,0.037,0.00502,0.00916,0.0952,0.414,91.985,0
0.923,0.854,-3.976,0.0912,0.0336,0,0.37,0.921,111.779,0
0.703,0.848,-11.002,0.0462,0.282,0.295,0.0454,0.921,144.899,0
0.719,0.955,-8.789,0.0349,0.0168,1.93E-06,0.138,0.913,135.92,0
0.781,0.888,-7.012,0.0801,0.403,2.35E-05,0.0783,0.821,99.996,0
0.716,0.974,-2.479,0.17,0.185,0.00148,0.333,0.889,81.02,0
0.666,0.927,-5.06,0.0739,0.111,0,0.573,0.756,102.761,0
0.544,0.516,-8.559,0.0341,0.973,0.295,0.12,0.408,111.276,0
0.624,0.849,-1.08,0.11,0.121,0,0.112,0.269,180.201,0
0.553,0.95,-6.158,0.105,0.00139,0.00839,0.252,0.511,123.045,0
0.77,0.963,-2.129,0.0804,0.11,0,0.153,0.858,97.998,0
0.692,0.685,-8.251,0.0463,0.545,0.0796,0.0962,0.429,103.946,0
0.82,0.618,-4.561,0.0488,0.0312,4.94E-05,0.0904,0.542,131.986,0
0.8,0.93,-6.396,0.0636,0.0148,3.16E-05,0.244,0.74,130.023,0
0.561,0.555,-5.111,0.0287,0.0307,0,0.195,0.535,101.902,0
0.451,0.922,-6.26,0.216,0.48,3.65E-05,0.0616,0.495,92.409,0
0.763,0.945,-6.298,0.17,0.441,4.44E-06,0.689,0.963,92.031,0
0.768,0.873,-3.213,0.103,0.287,1.76E-05,0.114,0.845,102.001,0
0.904,0.841,-5.553,0.0439,0.191,0,0.431,0.923,115.032,0
0.806,0.645,-11.422,0.153,0.174,0,0.0585,0.921,92.085,0
0.644,0.87,-4.816,0.0394,0.193,0,0.549,0.702,125.998,0
0.787,0.869,-2.965,0.0748,0.17,0,0.207,0.618,95.032,0
0.657,0.811,-3.253,0.184,0.0259,0,0.311,0.835,175.91,0
0.652,0.801,-6.237,0.0813,0.22,0,0.0715,0.74,81.058,0
0.765,0.899,-2.096,0.247,0.249,0.00108,0.0588,0.797,67.508,0
0.836,0.701,-10.905,0.082,0.109,2.69E-05,0.103,0.821,121.836,0
0.835,0.767,-5.181,0.0877,0.0716,0.000187,0.173,0.786,89.972,0
0.735,0.872,-3.053,0.0398,0.58,0,0.541,0.833,101.995,0
0.807,0.83,-5.76,0.117,0.334,2.40E-05,0.0896,0.939,110.975,0
0.587,0.637,-6.932,0.0354,0.695,0,0.145,0.696,89.952,0
0.626,0.561,-6.644,0.0304,0.0482,0,0.304,0.794,167.916,0
0.767,0.64,-6.626,0.152,0.096,4.39E-05,0.085,0.751,146.036,0
0.619,0.429,-7.867,0.028,0.738,1.35E-05,0.136,0.545,90.058,0
0.722,0.609,-7.218,0.0473,0.0233,0.000247,0.113,0.807,154.967,0
0.649,0.458,-7.632,0.0446,0.574,0,0.113,0.748,180.071,0
0.77,0.51,-5.469,0.192,0.137,0.000106,0.0346,0.533,188.067,0
0.558,0.694,-9.517,0.207,0.472,0,0.101,0.612,129.949,0
0.639,0.233,-12.47,0.0345,0.868,0,0.151,0.607,136.772,0
0.578,0.729,-9.814,0.0374,0.0313,0.251,0.124,0.729,159.984,0
0.572,0.942,-4.016,0.195,0.149,0,0.0403,0.828,195.758,0
0.656,0.774,-4.406,0.0861,0.0304,0.00105,0.0494,0.636,133.995,0
0.656,0.762,-6.328,0.0315,0.549,0,0.139,0.558,110.002,0
0.623,0.32,-13.621,0.0328,0.557,9.00E-05,0.0882,0.251,104.998,0
0.671,0.538,-10.052,0.0333,0.175,3.11E-05,0.0992,0.68,75.989,0
0.722,0.288,-10.767,0.0444,0.827,1.06E-05,0.12,0.502,119.899,0
0.565,0.527,-5.035,0.0252,0.148,2.30E-06,0.103,0.231,91.989,0
0.769,0.852,-3.107,0.154,0.16,0,0.261,0.963,129.982,0
0.756,0.858,-4.05,0.0584,0.0353,0.000253,0.067,0.764,101.992,0
0.539,0.551,-7.351,0.0361,0.651,0,0.124,0.556,75.899,0
0.693,0.797,-7.392,0.0704,0.343,0.00125,0.0673,0.706,90.997,0
0.765,0.908,-5.043,0.052,0.0605,3.23E-06,0.233,0.891,106.993,0
0.733,0.691,-9.539,0.0905,0.426,0,0.084,0.773,89.99,0
0.768,0.966,-3.87,0.121,0.0325,0.00389,0.741,0.443,115.012,0
0.662,0.916,-4.401,0.0895,0.137,0.00127,0.0965,0.62,94.981,0
0.599,0.505,-7.662,0.0393,0.47,0,0.165,0.479,121.768,0
0.46,0.444,-6.217,0.123,0.714,2.65E-05,0.0881,0.7,74.977,0
0.62,0.627,-6.187,0.0307,0.497,0,0.133,0.557,82.008,0
0.603,0.708,-7.047,0.0379,0.000173,3.36E-06,0.158,0.611,105.046,0
0.73,0.8,-6.763,0.0593,0.217,0.000108,0.0977,0.287,136.954,0
0.78,0.853,-4.063,0.0956,0.0291,0.00175,0.63,0.573,110.981,0
0.697,0.796,-3.685,0.0742,0.155,0,0.162,0.312,85.002,0
0.708,0.857,-5.028,0.0731,0.0194,0,0.72,0.592,122.025,0
0.766,0.618,-8.552,0.124,0.0187,0.000115,0.181,0.513,95.054,0
0.776,0.819,-8.236,0.0897,0.168,2.69E-06,0.0386,0.648,130.013,0
0.855,0.553,-6.52,0.0331,0.19,5.19E-06,0.0942,0.874,124.922,0
0.525,0.913,-3.617,0.4,0.152,0,0.118,0.606,86.452,0
0.712,0.719,-5.83,0.0774,0.152,7.25E-05,0.0589,0.493,82.05,0
0.706,0.674,-5.932,0.044,0.3,0,0.202,0.359,83.001,0
0.705,0.982,-3.376,0.0788,0.0212,3.18E-05,0.337,0.571,94.99,0
0.843,0.892,-4.371,0.0527,0.0512,1.13E-06,0.101,0.655,125.991,0
0.746,0.782,-6.192,0.0397,0.277,4.70E-06,0.108,0.665,98.976,0
0.714,0.807,-5.482,0.0944,0.0261,0.00096,0.058,0.721,98.086,0
0.641,0.374,-6.731,0.0284,0.723,1.64E-05,0.135,0.265,120.035,0
0.816,0.922,-2.963,0.149,0.178,0,0.373,0.887,95.006,0
0.708,0.893,-2.002,0.0549,0.0188,5.47E-05,0.471,0.753,100.031,0
0.771,0.805,-3.97,0.0604,0.158,0,0.332,0.355,94.998,0
0.574,0.738,-5.526,0.0958,0.0235,2.03E-06,0.0959,0.307,109.996,0
0.855,0.849,-4.472,0.0549,0.276,0,0.0302,0.699,126.028,0
0.765,0.89,-4.608,0.0824,0.502,0,0.0423,0.918,99.961,0
0.772,0.83,-3.981,0.0455,0.0357,0,0.0419,0.753,127.999,0
0.562,0.775,-5.951,0.275,0.241,0,0.284,0.884,89.979,0
0.431,0.472,-9.005,0.0387,0.441,0,0.206,0.361,84.718,0
0.486,0.382,-6.183,0.0286,0.613,8.56E-05,0.149,0.164,125.918,0
0.886,0.816,-5.368,0.059,0.185,0,0.0663,0.681,105.978,0
0.773,0.941,-2.292,0.0834,0.0949,0.0103,0.0916,0.863,130.05,0
0.85,0.984,-0.649,0.166,0.0872,0,0.0535,0.814,100.028,0
0.873,0.963,-1.376,0.104,0.172,0.000176,0.0233,0.906,94.004,0
0.943,0.465,-6.091,0.0952,0.588,0,0.191,0.768,105.95,0
0.957,0.579,-7.257,0.0512,0.5,0,0.0737,0.856,103.981,0
0.846,0.786,-4.607,0.0519,0.131,0.000384,0.0835,0.523,106.023,0
0.766,0.809,-6.206,0.161,0.0227,0.000166,0.0796,0.803,91.987,0
0.848,0.809,-6.63,0.148,0.0707,0,0.27,0.839,111.977,0
0.349,0.596,-9.313,0.0364,0.177,5.29E-06,0.336,0.329,120.009,0
0.725,0.912,-3.665,0.0851,0.155,7.68E-05,0.107,0.674,104.054,0
0.739,0.644,-5.881,0.0503,0.103,0,0.189,0.315,94.996,0
0.435,0.658,-5.949,0.0368,0.699,0,0.125,0.524,77.17,0
0.77,0.963,-2.129,0.0804,0.11,0,0.153,0.858,97.998,0
0.722,0.867,-3.652,0.0904,0.121,0.0052,0.123,0.893,102.009,0
0.81,0.846,-4.451,0.0435,0.0454,9.14E-05,0.374,0.885,123.966,0
0.663,0.551,-8.272,0.109,0.236,3.57E-05,0.0923,0.601,113.314,0
0.71,0.801,-4.845,0.0896,0.0728,0,0.0744,0.845,145.102,0
0.598,0.887,-6.992,0.0802,0.0284,5.84E-06,0.166,0.704,159.977,0
0.574,0.738,-5.526,0.0958,0.0235,2.03E-06,0.0959,0.307,109.996,0
0.756,0.52,-8.642,0.0341,0.495,0,0.0901,0.684,119.92,0
0.844,0.772,-4.621,0.194,0.284,2.38E-06,0.368,0.336,100.008,0
0.713,0.662,-6.837,0.0778,0.185,0,0.285,0.539,101.992,0
0.771,0.659,-6.1,0.0674,0.216,0,0.102,0.587,92.008,0
0.83,0.858,-3.18,0.0554,0.134,1.72E-05,0.0567,0.949,119.974,0
0.753,0.89,-5.022,0.187,0.44,6.82E-06,0.0854,0.283,87.015,0
0.735,0.904,-8.399,0.0435,0.079,0.00172,0.198,0.961,143.987,0
0.782,0.953,-5.442,0.162,0.161,1.97E-06,0.0491,0.477,101.997,0
0.757,0.877,-5.045,0.0918,0.138,1.82E-05,0.0849,0.704,107.981,0
0.73,0.58,-7.976,0.124,0.0399,2.48E-05,0.0703,0.55,167.915,0
0.773,0.79,-7.408,0.0846,0.176,0,0.0853,0.656,100.005,0
0.71,0.801,-4.845,0.0896,0.0728,0,0.0744,0.845,145.102,0
0.884,0.95,-0.95,0.205,0.106,0,0.0449,0.703,104.952,0
0.79,0.892,-4.038,0.0404,0.228,1.18E-06,0.206,0.896,131.991,0
0.715,0.864,-5.013,0.0751,0.0188,0,0.719,0.57,122.016,0
0.631,0.631,-6.934,0.0307,0.693,0,0.133,0.697,89.975,0
0.912,0.782,-5.95,0.0785,0.109,0.000193,0.0632,0.769,132.009,0
0.562,0.519,-8.744,0.0326,0.557,0.000268,0.172,0.415,122.925,1
0.354,0.712,-6.109,0.0589,0.358,4.19E-05,0.274,0.238,93.345,1
0.343,0.373,-9.363,0.0607,0.745,1.20E-05,0.14,0.252,92.957,1
0.476,0.788,-4.821,0.0448,0.24,2.64E-05,0.106,0.747,90.066,1
0.223,0.359,-7.569,0.0312,0.845,0,0.133,0.193,73.059,1
0.527,0.376,-9.974,0.0298,0.682,0,0.142,0.24,151.928,1
0.674,0.595,-7.179,0.0398,0.558,0.0108,0.0967,0.297,139.932,1
0.59,0.555,-6.861,0.0271,0.481,0,0.192,0.191,84.027,1
0.712,0.545,-8.263,0.0658,0.521,0,0.122,0.545,136.083,1
0.329,0.45,-6.312,0.0405,0.594,0,0.13,0.284,80.095,1
0.393,0.609,-5.954,0.0415,0.0558,2.22E-06,0.107,0.347,71.377,1
0.524,0.575,-6.571,0.0294,0.397,1.80E-06,0.269,0.206,89.915,1
0.472,0.554,-8.12,0.0325,0.493,0.0181,0.161,0.288,135.882,1
0.609,0.288,-13.371,0.0251,0.311,0.000145,0.109,0.301,81.999,1
0.493,0.418,-9.693,0.0261,0.436,0.102,0.104,0.22,89.982,1
0.634,0.652,-3.743,0.0418,0.149,0.000271,0.07,0.314,144.019,1
0.563,0.71,-6.212,0.0592,0.0663,0,0.105,0.262,133.873,1
0.442,0.716,-6.3,0.047,0.468,5.81E-05,0.452,0.387,89.869,1
0.52,0.716,-6.582,0.051,0.612,0,0.11,0.593,122.977,1
0.495,0.654,-6.639,0.0679,0.713,0,0.165,0.35,123.896,1
0.644,0.423,-8.702,0.0324,0.464,0,0.11,0.509,131.903,1
0.585,0.698,-6.261,0.0392,0.42,3.59E-06,0.363,0.621,139.831,1
0.781,0.524,-8.373,0.217,0.681,0.00123,0.103,0.169,96.003,1
0.391,0.644,-6.97,0.0366,0.269,0,0.0976,0.439,184.105,1
0.527,0.525,-8.106,0.0337,0.876,1.41E-05,0.172,0.257,99.638,1
0.677,0.318,-9.196,0.028,0.775,0,0.118,0.585,104.983,1
0.334,0.387,-9.483,0.0332,0.755,3.94E-05,0.113,0.42,129.959,1
0.657,0.489,-6.829,0.0306,0.713,0,0.124,0.399,116,1
0.706,0.715,-4.143,0.0311,0.439,2.95E-06,0.0919,0.226,118.971,1
0.599,0.506,-6.646,0.0335,0.318,0,0.123,0.283,149.847,1
0.531,0.431,-8.937,0.037,0.868,2.47E-05,0.127,0.19,107.99,1
0.394,0.641,-6.493,0.0312,0.276,0,0.0958,0.335,81.932,1
0.481,0.496,-7.421,0.0262,0.588,0,0.132,0.453,89.839,1
0.503,0.381,-9.31,0.0283,0.722,1.15E-05,0.154,0.263,80.658,1
0.591,0.462,-9.77,0.0281,0.64,6.44E-05,0.108,0.323,114.02,1
0.586,0.282,-13.436,0.0266,0.358,0,0.182,0.272,102.495,1
0.584,0.188,-10.067,0.0314,0.945,0,0.0871,0.393,144.068,1
0.545,0.678,-5.2,0.0358,0.426,0,0.194,0.23,143.965,1
0.528,0.615,-7.118,0.0372,0.491,0.000111,0.104,0.225,123.988,1
0.57,0.55,-8.343,0.035,0.524,3.73E-05,0.0921,0.435,117.999,1
0.576,0.591,-7.725,0.0332,0.795,6.85E-05,0.266,0.478,124.013,1
0.657,0.489,-6.829,0.0306,0.713,0,0.124,0.399,116,1
0.247,0.556,-7.514,0.0376,0.635,0.000436,0.146,0.371,168.823,1
0.515,0.508,-6.66,0.0297,0.633,0,0.203,0.235,131.731,1
0.483,0.781,-5.926,0.0445,0.349,0,0.126,0.801,83.782,1
0.585,0.467,-7.957,0.0307,0.347,0.000201,0.0878,0.354,77.985,1
0.682,0.337,-8.565,0.0283,0.767,0,0.121,0.542,105.001,1
0.581,0.424,-6.616,0.0269,0.723,0,0.101,0.352,98.936,1
0.515,0.707,-5.467,0.0426,0.0357,0,0.134,0.304,143.752,1
0.308,0.585,-5.18,0.0428,0.45,0,0.319,0.345,171.843,1
0.559,0.541,-5.525,0.0313,0.34,4.66E-06,0.102,0.309,83.978,1
0.341,0.478,-7.201,0.041,0.781,2.07E-05,0.147,0.276,199.435,1
0.449,0.421,-8.92,0.0272,0.387,0.000108,0.11,0.203,163.747,1
0.695,0.351,-9.92,0.0406,0.265,2.09E-06,0.111,0.113,124.001,1
0.373,0.672,-5.797,0.0326,0.154,4.28E-05,0.321,0.47,84.503,1
0.296,0.581,-5.945,0.0338,0.433,0,0.0577,0.231,147.935,1
0.586,0.532,-8.837,0.0328,0.779,0.000565,0.124,0.494,99.994,1
0.314,0.475,-12.38,0.0838,0.779,0.00539,0.34,0.312,78.992,1
0.591,0.519,-6.678,0.0299,0.343,1.52E-06,0.103,0.276,130.052,1
0.645,0.459,-9.484,0.0296,0.185,0,0.132,0.379,119.987,1
0.223,0.359,-7.569,0.0312,0.845,0,0.133,0.193,73.059,1
0.491,0.556,-6.023,0.0273,0.701,1.46E-06,0.0849,0.413,100.008,1
0.299,0.275,-14.723,0.0358,0.23,3.26E-05,0.115,0.199,86.597,1
0.52,0.485,-6.438,0.0269,0.927,0.000466,0.159,0.407,143.901,1
0.651,0.482,-8.666,0.0281,0.293,0,0.0811,0.517,106.993,1
0.532,0.529,-8.402,0.0352,0.334,0.000144,0.078,0.295,81.989,1
0.552,0.769,-4.504,0.0465,0.497,0,0.112,0.702,86.957,1
0.537,0.351,-8.937,0.0248,0.839,0,0.108,0.315,67.018,1
0.231,0.545,-8.92,0.0358,0.838,3.50E-06,0.0961,0.325,77.727,1
0.514,0.548,-7.145,0.0381,0.669,0,0.0849,0.383,153.794,1
0.452,0.533,-6.044,0.0293,0.883,0.000105,0.1,0.392,135.18,1
0.287,0.297,-10.424,0.0301,0.766,5.36E-06,0.299,0.332,135.863,1
0.331,0.465,-5.954,0.0397,0.556,0,0.356,0.11,136.193,1
0.63,0.622,-7.105,0.0515,0.529,0,0.521,0.515,140.003,1
0.528,0.37,-9.382,0.0249,0.823,0,0.139,0.345,90.92,1
0.481,0.392,-8.2,0.0246,0.478,0,0.122,0.257,91.796,1
0.593,0.521,-7.694,0.0269,0.731,0,0.113,0.542,99.031,1
0.515,0.691,-4.028,0.0344,0.624,0,0.121,0.484,169.521,1
0.693,0.538,-7.665,0.0278,0.355,0,0.108,0.378,95.993,1
0.336,0.704,-7.928,0.0472,0.27,6.12E-05,0.107,0.361,151.779,1
0.501,0.739,-5.887,0.0495,0.391,5.77E-06,0.0497,0.64,76.006,1
0.712,0.448,-7.414,0.0406,0.637,0,0.106,0.26,132.061,1
0.656,0.551,-6.43,0.0299,0.721,1.26E-06,0.0947,0.33,114.108,1
0.487,0.456,-7.144,0.0319,0.789,1.79E-06,0.141,0.348,136.088,1
0.548,0.274,-10.02,0.0269,0.887,1.45E-06,0.16,0.225,94.974,1
0.56,0.631,-9.032,0.0334,0.861,0.0133,0.0985,0.376,107.987,1
0.554,0.578,-7.718,0.0379,0.536,5.53E-05,0.11,0.55,137.921,1
0.524,0.52,-6.838,0.0272,0.643,0,0.158,0.259,143.885,1
0.51,0.502,-7.016,0.0325,0.71,0,0.0708,0.321,133.885,1
0.499,0.683,-6.373,0.0333,0.702,0.00163,0.0749,0.297,134.958,1
0.537,0.251,-9.533,0.0276,0.899,5.76E-05,0.0857,0.288,89.916,1
0.643,0.256,-9.758,0.0252,0.729,1.02E-06,0.0994,0.444,94.999,1
0.63,0.63,-7.525,0.0364,0.295,1.26E-05,0.0934,0.517,107.103,1
0.439,0.574,-6.394,0.0846,0.269,0,0.094,0.31,167.832,1
0.482,0.595,-5.336,0.0289,0.703,0.000203,0.136,0.482,82.066,1
0.382,0.464,-5.976,0.0283,0.705,0.000317,0.107,0.309,82.999,1
0.468,0.462,-10.661,0.127,0.514,4.14E-06,0.162,0.161,160.307,1
0.537,0.367,-9.362,0.0241,0.815,0,0.132,0.348,90.953,1
0.778,0.227,-16.191,0.0379,0.983,0.14,0.113,0.38,116.033,1
0.55,0.488,-8.059,0.0284,0.718,0.000118,0.126,0.301,136.025,1
0.38,0.691,-4.855,0.0534,0.0406,0,0.148,0.566,64.106,1
0.551,0.387,-7.647,0.0375,0.361,0,0.109,0.255,81.222,1
0.319,0.552,-6.401,0.0307,0.719,0,0.144,0.221,93.991,1
0.535,0.754,-4.77,0.0562,0.458,1.60E-06,0.302,0.435,143.862,1
0.567,0.298,-11.243,0.0291,0.835,0.000804,0.117,0.217,129.733,1
0.29,0.58,-4.767,0.0434,0.491,0,0.243,0.353,172.396,1
0.574,0.38,-8.779,0.0296,0.663,0,0.122,0.342,92.001,1
0.522,0.497,-13.12,0.0953,0.751,1.47E-05,0.178,0.321,105.099,1
0.513,0.43,-8.124,0.0271,0.715,0.000228,0.177,0.202,107.825,1
0.522,0.421,-7.976,0.0275,0.73,8.16E-05,0.19,0.203,107.926,1
0.59,0.414,-12.391,0.0346,0.781,0.000522,0.146,0.292,82.002,1
0.329,0.265,-10.195,0.0304,0.916,0.0022,0.107,0.142,181.53,1
0.596,0.406,-8.676,0.0261,0.733,0.000131,0.0851,0.251,101.915,1
0.534,0.481,-9.016,0.0412,0.697,0,0.142,0.293,124.914,1
0.41,0.455,-8.071,0.0316,0.731,0,0.185,0.361,90.993,1
0.613,0.47,-8.441,0.0344,0.823,1.87E-06,0.138,0.459,102.944,1
0.611,0.598,-8.178,0.0551,0.345,1.18E-05,0.183,0.604,177.963,1
0.545,0.632,-8.462,0.0316,0.863,0.00737,0.0931,0.393,107.931,1
0.37,0.717,-7.489,0.0407,0.252,2.50E-05,0.497,0.36,163.815,1
0.622,0.746,-6.551,0.0426,0.175,0.000872,0.271,0.336,102.962,1
0.356,0.47,-8.929,0.0278,0.518,1.00E-05,0.0807,0.167,93.895,1
0.409,0.484,-7.828,0.0314,0.769,0.000138,0.0877,0.272,153.651,1
0.473,0.401,-7.018,0.0241,0.629,1.17E-05,0.154,0.345,90.076,1
0.436,0.719,-5.957,0.0852,0.271,0,0.132,0.709,171.858,1
0.447,0.339,-6.111,0.037,0.854,0,0.119,0.265,107.891,1
0.556,0.357,-11.557,0.0393,0.284,0.00334,0.109,0.15,84.936,1
0.61,0.492,-7.55,0.0261,0.334,6.30E-06,0.0979,0.165,90.984,1
0.599,0.689,-5.668,0.0452,0.618,1.10E-05,0.119,0.537,86.927,1
0.244,0.434,-9.509,0.033,0.237,9.06E-06,0.114,0.248,163.737,1
0.541,0.512,-10.203,0.0291,0.74,0.000528,0.162,0.203,120.036,1
0.637,0.675,-7.817,0.0296,0.0483,0.00261,0.125,0.21,110.946,1
0.584,0.698,-6.61,0.0376,0.447,0,0.0699,0.436,79.993,1
0.665,0.539,-7.213,0.0474,0.825,5.85E-06,0.121,0.368,110.101,1
0.562,0.519,-8.744,0.0326,0.557,0.000268,0.172,0.415,122.925,1
0.358,0.252,-9.51,0.0346,0.604,0,0.0915,0.284,145.549,1
0.521,0.583,-7.927,0.0399,0.692,6.32E-06,0.198,0.311,155.928,1
0.567,0.546,-8.316,0.0405,0.301,1.69E-06,0.129,0.401,113.806,1
0.523,0.674,-4.832,0.0328,0.771,0,0.139,0.239,114.058,1
0.46,0.562,-6.83,0.0577,0.832,2.02E-05,0.122,0.463,84.02,1
0.451,0.449,-6.702,0.0293,0.261,0,0.143,0.217,149.768,1
0.579,0.335,-10.893,0.0309,0.722,7.05E-06,0.119,0.331,137.456,1
0.236,0.14,-13.478,0.0343,0.916,0.000148,0.087,0.123,76.805,1
0.657,0.581,-8.108,0.0298,0.7,1.75E-05,0.116,0.32,118.038,1
0.489,0.812,-6.31,0.18,0.286,0,0.0768,0.272,140.043,1
0.47,0.293,-10.578,0.0309,0.857,0.000132,0.134,0.394,163.942,1
0.581,0.448,-7.266,0.0298,0.394,0.00125,0.139,0.214,91.995,1
0.257,0.583,-8.185,0.0429,0.603,0.000289,0.146,0.217,160.127,1
0.508,0.862,-2.935,0.069,0.27,0,0.248,0.593,149.945,1
0.315,0.461,-8.907,0.0327,0.608,0,0.107,0.274,165.657,1
0.646,0.562,-9.157,0.0331,0.523,0.0021,0.104,0.488,100,1
0.379,0.63,-5.472,0.0293,0.765,0,0.112,0.243,143.87,1
0.319,0.513,-11.528,0.0519,0.808,1.36E-05,0.114,0.272,69.678,1
0.291,0.404,-7.406,0.0504,0.758,0,0.0731,0.285,71.742,1
0.244,0.434,-9.509,0.033,0.237,9.06E-06,0.114,0.248,163.737,1
0.636,0.394,-8.526,0.0267,0.837,0.0114,0.121,0.263,88,1
0.617,0.342,-6.423,0.0307,0.828,4.25E-06,0.126,0.12,128.042,1
0.395,0.393,-9.498,0.0317,0.857,1.77E-06,0.114,0.274,75.964,1
0.48,0.615,-6.006,0.0328,0.547,0,0.139,0.33,79.948,1
0.718,0.573,-7.309,0.0451,0.458,0.00533,0.0953,0.686,180.043,1
0.508,0.507,-5.33,0.0384,0.0636,1.15E-05,0.359,0.218,159.68,1
0.568,0.55,-6.172,0.0262,0.728,3.62E-05,0.251,0.436,110.079,1
0.251,0.604,-5.622,0.0431,0.171,2.25E-06,0.123,0.166,84.643,1
0.401,0.553,-8.263,0.0337,0.47,2.96E-06,0.124,0.364,79.144,1
0.729,0.52,-6.586,0.0258,0.562,0.000893,0.101,0.458,114.977,1
0.555,0.623,-7.055,0.0558,0.399,0,0.117,0.466,89.967,1
0.508,0.605,-6.374,0.0971,0.326,0,0.11,0.0783,183.777,1
0.379,0.298,-10.756,0.0349,0.658,0.00232,0.146,0.129,144.059,1
0.645,0.534,-5.428,0.0305,0.147,4.30E-06,0.0858,0.303,90.025,1
0.626,0.522,-5.857,0.0317,0.686,0,0.41,0.628,118.001,1
0.556,0.292,-8.831,0.0273,0.733,0,0.094,0.508,149.604,1
0.611,0.612,-7.978,0.114,0.441,0,0.18,0.898,171.841,1
0.704,0.563,-4.739,0.0297,0.594,0,0.133,0.0739,94.037,1
0.398,0.161,-14.265,0.0298,0.818,0,0.127,0.0676,76.095,1
0.501,0.445,-8.432,0.0337,0.772,0,0.117,0.388,80.086,1
0.762,0.391,-11.735,0.0337,0.867,0.000521,0.112,0.355,137.956,1
0.609,0.539,-8.087,0.0284,0.138,0.00014,0.286,0.413,99.995,1
0.473,0.562,-8.624,0.0451,0.65,0.000117,0.12,0.316,74.653,1
0.646,0.536,-9.157,0.0318,0.693,2.55E-05,0.11,0.112,119.979,1
0.465,0.551,-6.58,0.0362,0.619,6.03E-06,0.109,0.415,89.459,1
0.525,0.46,-8.594,0.0246,0.826,0.00202,0.139,0.33,98.007,1
0.483,0.468,-7.642,0.0341,0.784,0,0.152,0.319,135.875,1
0.432,0.535,-7.34,0.032,0.904,0.000641,0.102,0.322,135.849,1
0.397,0.427,-9.144,0.0497,0.925,0.0117,0.108,0.288,75.679,1
0.653,0.563,-5.803,0.053,0.45,0,0.191,0.563,160.903,1
0.401,0.553,-8.263,0.0337,0.47,2.96E-06,0.124,0.364,79.144,1
0.294,0.577,-5.952,0.0298,0.623,0,0.16,0.429,83.171,1
0.523,0.557,-7.799,0.0293,0.813,0.000581,0.0958,0.196,111.766,1
0.575,0.541,-6.45,0.0237,0.759,0,0.111,0.27,87.022,1
0.419,0.266,-12.62,0.0298,0.757,0,0.121,0.302,89.752,1
0.471,0.329,-11.958,0.0312,0.78,0.0021,0.117,0.144,126.107,1
0.365,0.649,-5.295,0.0408,0.151,0,0.121,0.453,78.398,1
0.485,0.456,-6.544,0.0309,0.898,2.58E-05,0.0835,0.424,90.352,1
0.577,0.665,-7.369,0.0558,0.559,0,0.147,0.614,170.176,1
0.453,0.424,-7.413,0.0245,0.554,9.91E-05,0.0962,0.253,83.092,1
0.378,0.393,-7.495,0.0275,0.899,0,0.102,0.373,169.936,1
0.394,0.592,-6.398,0.203,0.847,0,0.125,0.401,81.098,1
0.27,0.67,-6.306,0.0338,0.624,5.68E-05,0.099,0.538,86.879,1
0.268,0.334,-8.877,0.0332,0.759,0,0.117,0.175,55.832,1
0.521,0.475,-8.42,0.0284,0.359,5.84E-06,0.0484,0.309,95.009,1
0.565,0.358,-8.383,0.0338,0.623,0,0.11,0.595,90.899,1
0.398,0.292,-12.256,0.041,0.898,1.49E-05,0.112,0.154,127.339,1
0.497,0.485,-9.796,0.0339,0.873,0,0.164,0.353,148.106,1
0.528,0.777,-3.229,0.0379,0.483,0,0.0754,0.493,94.949,1
0.482,0.361,-9.993,0.0368,0.838,1.01E-05,0.091,0.194,156.733,1
0.565,0.435,-7.716,0.0292,0.77,1.70E-06,0.107,0.212,119.995,1
0.533,0.352,-8.367,0.033,0.916,0.000384,0.091,0.247,125.979,1
0.593,0.521,-7.694,0.0269,0.731,0,0.113,0.542,99.031,1
0.475,0.124,-9.463,0.0444,0.926,0,0.0972,0.19,94.42,1
0.304,0.686,-4.869,0.0497,0.254,0,0.106,0.236,89.991,1
0.322,0.515,-6.908,0.0341,0.668,5.01E-06,0.0907,0.16,149.912,1
0.758,0.588,-7.777,0.091,0.608,9.30E-05,0.189,0.796,134.014,1
0.696,0.146,-24.519,0.0771,0.724,0.543,0.134,0.0838,145.029,1
0.58,0.751,-5.467,0.0298,0.495,0,0.275,0.518,104.977,1
0.508,0.13,-12.659,0.0368,0.93,0,0.126,0.371,119.886,1
0.501,0.168,-9.675,0.0313,0.944,0,0.118,0.131,79.968,1
0.501,0.168,-9.675,0.0313,0.944,0,0.118,0.131,79.968,1
0.48,0.601,-5.879,0.0348,0.16,0.000491,0.131,0.22,169.997,1
0.567,0.758,-6.564,0.0635,0.229,0,0.31,0.583,92.99,1
0.392,0.256,-13.147,0.0369,0.728,9.46E-05,0.0462,0.154,67.609,1
0.441,0.61,-5.182,0.0404,0.238,0,0.101,0.348,79.736,1
0.492,0.411,-9.616,0.03,0.749,1.04E-06,0.191,0.187,107.939,1
0.464,0.391,-9.884,0.0384,0.755,9.64E-05,0.105,0.418,106.887,1
0.603,0.573,-5.843,0.0502,0.478,0,0.0971,0.236,82.941,1
0.428,0.467,-4.904,0.0327,0.68,0,0.135,0.193,90.831,1
0.573,0.338,-7.478,0.027,0.864,4.41E-06,0.133,0.451,96.981,1
0.543,0.587,-3.792,0.0267,0.713,0,0.0677,0.309,92.033,1
0.363,0.662,-5.88,0.0377,0.573,0,0.35,0.301,178.213,1
0.432,0.535,-7.34,0.032,0.904,0.000641,0.102,0.322,135.849,1
0.425,0.389,-11.068,0.0291,0.877,1.29E-06,0.0665,0.335,90.903,1
0.254,0.282,-11.348,0.0311,0.934,0.00108,0.133,0.0981,109.694,1
0.558,0.506,-6.761,0.0236,0.704,3.05E-06,0.0896,0.358,90.001,1
0.562,0.538,-5.257,0.0246,0.72,0,0.107,0.443,90.02,1
0.576,0.512,-11.784,0.0338,0.079,0.00213,0.258,0.258,159.987,1
0.534,0.672,-6.966,0.0317,0.0952,3.44E-06,0.137,0.232,136.018,1
0.32,0.453,-9.537,0.0329,0.889,2.60E-06,0.1,0.444,72.424,1
0.224,0.5,-13.006,0.0553,0.86,0.219,0.377,0.278,180.554,1
0.517,0.549,-7.107,0.0332,0.776,2.68E-06,0.124,0.342,149.887,1
0.19,0.261,-12.34,0.034,0.95,0.000195,0.132,0.168,183.832,1
0.539,0.208,-16.357,0.0314,0.776,0,0.108,0.251,99.984,1
0.546,0.403,-8.095,0.0274,0.722,0,0.135,0.382,127.96,1
0.66,0.675,-7.764,0.0366,0.545,1.93E-05,0.145,0.632,81.498,1
0.543,0.602,-10.354,0.0389,0.624,3.14E-06,0.545,0.382,89.979,1
0.378,0.393,-7.495,0.0275,0.899,0,0.102,0.373,169.936,1
0.77,0.84,-4.022,0.107,0.515,0.00452,0.145,0.192,96.012,1
0.56,0.514,-7.145,0.0277,0.26,0,0.0828,0.35,86.025,1
0.288,0.521,-4.963,0.0511,0.643,0,0.0831,0.346,72.136,1
0.481,0.492,-6.724,0.0257,0.669,0,0.0883,0.286,93.948,1
0.537,0.376,-9.397,0.0292,0.621,1.52E-05,0.0942,0.493,131.939,1
0.413,0.426,-10.715,0.0337,0.749,0,0.0983,0.604,180.022,1
0.388,0.45,-6.956,0.0293,0.853,0,0.106,0.132,87.977,1
0.42,0.492,-6.912,0.0287,0.844,2.69E-05,0.123,0.388,76.1,1
0.615,0.566,-7.841,0.0304,0.696,0.053,0.0964,0.309,109.986,1
0.464,0.822,-4.827,0.0662,0.135,0.000449,0.0898,0.407,89.761,1
0.386,0.486,-11.295,0.0492,0.0484,0,0.0918,0.247,102.955,1
0.46,0.466,-7.721,0.0463,0.642,0,0.067,0.144,118.884,1
0.285,0.238,-9.623,0.0375,0.663,9.23E-06,0.0793,0.213,179.918,1
0.42,0.342,-7.105,0.0326,0.815,0,0.139,0.326,150.082,1
0.443,0.447,-7.895,0.0356,0.768,0,0.2,0.215,127.395,1
0.435,0.418,-7.915,0.0295,0.903,0,0.1,0.212,128.049,1
0.439,0.672,-3.475,0.0449,0.2,0,0.0786,0.498,169.81,1
0.338,0.662,-3.986,0.0313,0.647,0,0.132,0.459,79.811,1
0.489,0.625,-6.497,0.0584,0.288,0,0.133,0.439,149.921,1
0.573,0.515,-7.227,0.0345,0.826,0,0.103,0.306,119.95,1
0.366,0.12,-15.475,0.0344,0.895,0.00191,0.113,0.0637,129.95,1
0.467,0.473,-6.845,0.0316,0.544,0,0.186,0.299,99.743,1
0.51,0.612,-7.629,0.0372,0.412,1.58E-05,0.156,0.193,150.041,1
0.352,0.236,-14.432,0.0386,0.952,0.0897,0.107,0.0874,63.178,1
0.569,0.45,-9.732,0.03,0.671,0.000334,0.0907,0.423,143.847,1
0.667,0.779,-4.115,0.0274,0.252,2.08E-05,0.314,0.557,105.96,1
0.372,0.427,-3.585,0.0332,0.626,0,0.22,0.27,179.786,1
0.404,0.43,-8.313,0.0336,0.779,0.000172,0.0941,0.51,106.322,1
0.422,0.485,-6.483,0.0339,0.608,0,0.247,0.306,99.702,1
0.568,0.508,-7.553,0.0333,0.737,0,0.103,0.685,86.03,1
0.674,0.582,-11.083,0.0685,0.653,0,0.0966,0.603,142.005,1
0.582,0.418,-8.701,0.0288,0.794,0,0.109,0.243,112.909,1
0.603,0.453,-8.501,0.0307,0.45,0,0.092,0.384,135.028,1
0.599,0.539,-7.362,0.041,0.462,0,0.248,0.316,87.167,1
0.536,0.706,-5.897,0.0274,0.5,0.00597,0.112,0.442,113.972,1
0.668,0.299,-12.485,0.0326,0.522,0,0.173,0.676,119.97,1
0.215,0.147,-14.797,0.0379,0.864,0,0.094,0.145,85.12,1
0.349,0.347,-6.939,0.0335,0.904,0,0.182,0.389,138.159,1
0.373,0.262,-9.049,0.0297,0.902,0.000399,0.112,0.123,105.118,1
0.741,0.582,-7.59,0.0311,0.0974,0,0.16,0.261,112.94,1
0.491,0.566,-4.668,0.0283,0.545,0,0.179,0.322,81.992,1
0.563,0.689,-4.294,0.0262,0.294,0,0.288,0.321,101.94,1
0.506,0.508,-6.34,0.0291,0.58,0,0.129,0.312,88.122,1
0.418,0.293,-11.182,0.0285,0.812,0.000131,0.106,0.133,137.747,1
0.554,0.623,-4.936,0.0294,0.69,0,0.2,0.608,135.897,1
0.395,0.378,-9.743,0.0443,0.88,0.0879,0.105,0.286,152.204,1
0.445,0.28,-12.668,0.0275,0.819,1.29E-05,0.111,0.299,104.743,1
0.545,0.77,-6.102,0.0655,0.308,2.80E-05,0.167,0.696,159.975,1
0.468,0.658,-7.6,0.0668,0.81,0.0333,0.12,0.534,87.607,1
0.583,0.452,-10.459,0.026,0.802,0.00632,0.143,0.327,79.999,1
0.608,0.591,-7.888,0.0358,0.363,0.0013,0.0389,0.247,88.041,1
0.556,0.706,-5.709,0.0336,0.335,1.80E-06,0.137,0.726,80.008,1
0.515,0.475,-9.661,0.0351,0.782,0,0.164,0.674,81.835,1
0.419,0.763,-7.393,0.217,0.415,1.17E-06,0.0687,0.452,175.448,1
0.499,0.683,-6.373,0.0334,0.703,0.00161,0.0749,0.295,134.95,1
0.287,0.654,-5.57,0.0374,0.593,7.30E-06,0.11,0.241,84.015,1
0.365,0.407,-10.352,0.0424,0.752,0.00129,0.212,0.464,149.161,1
0.535,0.765,-7.862,0.0444,0.054,0,0.0921,0.373,191.827,1
0.784,0.859,-6.019,0.188,0.0989,0,0.0812,0.515,93.704,2
0.766,0.809,-6.206,0.161,0.0227,0.000166,0.0796,0.803,91.987,2
0.643,0.714,-10.872,0.0762,0.0761,0.254,0.237,0.145,124.921,2
0.909,0.906,-3.701,0.206,0.09,1.25E-05,0.287,0.625,121.996,2
0.752,0.879,-9.276,0.207,0.137,0,0.317,0.638,91.98,2
0.774,0.783,-4.247,0.0857,0.0173,0,0.19,0.206,93.959,2
0.774,0.79,-8.483,0.0416,0.0488,0.00134,0.164,0.536,98.984,2
0.618,0.867,-5.1,0.139,0.239,0,0.0559,0.665,178.017,2
0.755,0.894,-8.544,0.0993,0.54,1.55E-05,0.141,0.799,104.985,2
0.588,0.836,-7.138,0.107,0.472,2.53E-05,0.176,0.217,124.984,2
0.846,0.693,-8.041,0.217,0.784,0.000417,0.339,0.456,97.94,2
0.723,0.666,-7.028,0.0274,0.046,0,0.106,0.117,113.99,2
0.762,0.718,-5.039,0.12,0.105,1.93E-06,0.118,0.718,98.019,2
0.554,0.882,-5.018,0.0488,0.091,2.80E-06,0.368,0.627,96.958,2
0.832,0.657,-7.755,0.209,0.0433,2.93E-05,0.0752,0.756,104.005,2
0.465,0.836,-4.353,0.0632,0.0387,1.02E-05,0.13,0.224,169.9,2
0.34,0.96,-5.427,0.0802,0.238,4.32E-06,0.0378,0.475,150.04,2
0.875,0.743,-5.674,0.0479,0.0768,0,0.0651,0.612,105.953,2
0.557,0.821,-7.794,0.0573,0.0189,0,0.0863,0.184,170.022,2
0.577,0.419,-12.126,0.0369,0.817,0.000127,0.0658,0.149,125.984,2
0.64,0.743,-6.612,0.0524,0.0616,2.01E-05,0.25,0.727,94.972,2
0.554,0.923,-5.42,0.0682,0.35,3.26E-05,0.69,0.278,127.998,2
0.484,0.948,-4.296,0.451,0.0473,0,0.0565,0.686,125.645,2
0.766,0.618,-8.552,0.124,0.0187,0.000115,0.181,0.513,95.054,2
0.552,0.668,-9.111,0.0473,0.421,0.0117,0.159,0.152,95.032,2
0.669,0.866,-6.628,0.0499,0.0589,0,0.0463,0.288,119.992,2
0.561,0.709,-10.247,0.0484,0.232,0,0.0992,0.509,115.006,2
0.586,0.899,-3.688,0.0518,0.0494,0,0.493,0.495,139.81,2
0.666,0.833,-7.48,0.0451,0.0141,8.12E-06,0.111,0.541,99.007,2
0.595,0.815,-7.777,0.064,0.393,0,0.283,0.691,139.993,2
0.603,0.953,-4.087,0.0519,0.0648,0,0.494,0.493,105.02,2
0.693,0.778,-8.087,0.248,0.555,0,0.094,0.282,125.025,2
0.522,0.872,-8.847,0.0799,0.11,1.20E-05,0.0811,0.537,120.067,2
0.372,0.707,-9.093,0.0915,0.00128,0.357,0.307,0.146,133.79,2
0.538,0.859,-8.263,0.0759,0.246,0.0537,0.408,0.316,169.972,2
0.594,0.832,-4.044,0.0397,0.107,0.000373,0.419,0.474,89.977,2
0.666,0.745,-10.419,0.0573,0.166,0.0652,0.0671,0.214,106.032,2
0.49,0.644,-7.834,0.0319,0.038,0.221,0.0705,0.0763,125.01,2
0.717,0.92,-5.779,0.09,0.0365,0.000825,0.693,0.532,131.996,2
0.642,0.94,-5.274,0.102,0.15,0,0.0989,0.645,101.252,2
0.731,0.479,-12.977,0.0782,0.0663,0.00267,0.556,0.5,158.034,2
0.301,0.581,-7.324,0.0422,0.602,0,0.0757,0.235,132.051,4
0.371,0.668,-7.269,0.0497,0.636,2.00E-06,0.294,0.403,87.458,4
0.727,0.563,-10.422,0.127,0.023,3.17E-05,0.132,0.431,104.984,4
0.627,0.642,-7.636,0.0446,0.731,0,0.107,0.537,89.98,4
0.488,0.403,-7.005,0.0272,0.598,4.28E-06,0.434,0.497,131.489,4
0.223,0.359,-7.569,0.0312,0.845,0,0.133,0.193,73.059,4
0.567,0.577,-6.197,0.0264,0.628,0,0.132,0.217,101.991,4
0.558,0.506,-6.761,0.0236,0.704,3.05E-06,0.0896,0.358,90.001,4
0.556,0.592,-7.629,0.0372,0.545,5.04E-05,0.11,0.534,137.963,4
0.643,0.256,-9.758,0.0252,0.729,1.02E-06,0.0994,0.444,94.999,4
0.679,0.622,-8.514,0.0328,0.272,6.52E-05,0.106,0.483,98.028,4
0.465,0.587,-6.078,0.0337,0.00271,0,0.138,0.309,122.001,4
0.495,0.768,-5.7,0.0545,0.653,0,0.152,0.489,79.909,4
0.738,0.799,-6.663,0.0334,0.319,4.89E-06,0.31,0.794,123.011,4
0.58,0.846,-3.464,0.0523,0.592,0,0.113,0.774,89.952,4
0.535,0.388,-8.523,0.0285,0.653,0,0.0996,0.28,86.077,4
0.635,0.692,-7.603,0.0299,0.0502,0.00325,0.101,0.183,110.941,4
0.52,0.716,-6.582,0.051,0.612,0,0.11,0.593,122.977,4
0.656,0.65,-8.62,0.0373,0.667,8.40E-05,0.351,0.466,119.955,4
0.678,0.737,-4.143,0.0269,0.0362,0.00223,0.131,0.442,105.986,4
0.545,0.683,-6.19,0.0337,0.335,1.18E-06,0.0991,0.753,79.863,4
0.56,0.732,-5.881,0.0484,0.432,0,0.313,0.374,134.098,4
0.576,0.583,-7.764,0.0318,0.802,9.18E-05,0.127,0.433,123.993,4
0.536,0.5,-8.412,0.0327,0.25,0.00138,0.118,0.366,124.005,4
0.64,0.498,-8.241,0.0289,0.733,7.33E-06,0.136,0.207,113.895,4
0.532,0.529,-8.402,0.0352,0.334,0.000144,0.078,0.295,81.989,4
0.616,0.525,-7.065,0.0258,0.401,0.000484,0.309,0.427,79.976,4
0.334,0.387,-9.483,0.0332,0.755,3.94E-05,0.113,0.42,129.959,4
0.63,0.63,-7.525,0.0364,0.295,1.26E-05,0.0934,0.517,107.103,4
0.774,0.472,-7.586,0.0276,0.559,0.00282,0.207,0.529,106.026,4
0.702,0.86,-3.969,0.0346,0.36,1.33E-06,0.133,0.83,120.045,4
0.654,0.487,-6.988,0.0303,0.733,0,0.13,0.414,116.037,4
0.485,0.546,-8.21,0.0303,0.0735,3.05E-05,0.0444,0.406,149.938,4
0.832,0.859,-3.232,0.0565,0.129,9.36E-06,0.0611,0.945,119.972,4
0.341,0.478,-7.201,0.041,0.781,2.07E-05,0.147,0.276,199.435,4
0.615,0.538,-8.29,0.0285,0.309,0,0.124,0.598,130.091,4
0.552,0.479,-8.042,0.029,0.713,4.14E-05,0.125,0.282,136.009,4
0.615,0.6,-6.308,0.0337,0.649,0,0.0755,0.569,76.028,4
0.649,0.716,-8.846,0.0245,0.172,2.11E-06,0.171,0.808,111.656,4
0.557,0.327,-13.651,0.0273,0.844,0.000732,0.118,0.61,98.225,4
0.523,0.674,-4.832,0.0328,0.771,0,0.139,0.239,114.058,4
0.495,0.654,-6.639,0.0679,0.713,0,0.165,0.35,123.896,4
0.296,0.581,-5.945,0.0338,0.433,0,0.0577,0.231,147.935,4
0.447,0.6,-3.718,0.0332,0.324,0,0.0962,0.434,80.044,4
0.844,0.442,-16.54,0.0691,0.00882,0.000498,0.0879,0.436,105.986,4
0.685,0.773,-5.331,0.0308,0.548,0,0.203,0.541,119.986,4
0.515,0.519,-11.197,0.0397,0.323,0.000657,0.0566,0.582,89.499,4
0.633,0.41,-14.42,0.0835,0.156,0.0005,0.577,0.787,78.526,4
0.322,0.752,-3.457,0.0422,0.633,0,0.129,0.502,126.949,4
0.451,0.435,-8.615,0.0294,0.671,0.00204,0.107,0.305,141.108,4
0.416,0.565,-7.427,0.0417,0.73,1.03E-06,0.112,0.516,143.986,4
0.597,0.591,-4.062,0.0286,0.616,0,0.0762,0.35,83.99,4
0.77,0.485,-11.612,0.0463,0.166,0.000196,0.289,0.932,121.685,4
0.476,0.788,-4.821,0.0448,0.24,2.64E-05,0.106,0.747,90.066,4
0.574,0.58,-6.453,0.0282,0.384,0,0.0887,0.213,133.993,4
0.393,0.32,-8.648,0.0301,0.857,1.09E-05,0.0917,0.456,135.029,4
0.672,0.527,-7.944,0.0337,0.837,2.76E-06,0.119,0.5,111.948,4
0.727,0.714,-4.494,0.0872,0.0209,0,0.153,0.618,164.003,4
0.704,0.563,-4.739,0.0297,0.594,0,0.133,0.0739,94.037,4
0.575,0.895,-3.417,0.054,0.053,0.0014,0.104,0.649,102.02,4
0.552,0.769,-4.504,0.0465,0.497,0,0.112,0.702,86.957,4
0.668,0.395,-10.171,0.0374,0.784,0,0.111,0.568,123.923,4
0.528,0.37,-9.382,0.0249,0.823,0,0.139,0.345,90.92,4
0.512,0.695,-6.349,0.0271,0.0265,0.00815,0.146,0.351,145.957,4
0.655,0.473,-9.806,0.0267,0.842,0.0323,0.167,0.572,92.962,4
0.534,0.863,-4.616,0.0357,0.0152,0.0167,0.144,0.374,98.006,4
0.496,0.568,-7.968,0.0333,0.217,1.69E-05,0.094,0.236,88.918,4
0.646,0.8,-6.98,0.0424,0.014,0.000144,0.102,0.619,127.046,4
0.665,0.539,-7.213,0.0474,0.825,5.85E-06,0.121,0.368,110.101,4
0.722,0.609,-7.218,0.0473,0.0233,0.000247,0.113,0.807,154.967,4
0.384,0.607,-7.429,0.0433,0.713,0,0.158,0.707,78.186,4
0.241,0.318,-7.978,0.0373,0.672,0.000375,0.094,0.333,79.431,4
0.572,0.994,-2.685,0.0563,0.0812,0.000813,0.276,0.5,132.024,4
0.564,0.517,-7.827,0.0266,0.617,0,0.102,0.126,91.99,4
0.362,0.378,-11.008,0.0329,0.679,0,0.091,0.575,87.549,4
0.647,0.656,-8.632,0.0354,0.657,0.000163,0.343,0.453,119.965,4
0.526,0.416,-7.962,0.0276,0.652,0,0.146,0.271,86.038,4
0.594,0.757,-5.381,0.0504,0.606,0,0.251,0.597,127.894,4
0.393,0.609,-5.954,0.0415,0.0558,2.22E-06,0.107,0.347,71.377,4
0.778,0.906,-3.948,0.0452,0.0961,0,0.0943,0.943,122.016,4
0.59,0.555,-6.861,0.0271,0.481,0,0.192,0.191,84.027,4
0.822,0.687,-8.167,0.0421,0.0593,0,0.0609,0.816,106.47,4
0.64,0.357,-10.582,0.0321,0.433,1.37E-05,0.127,0.148,124.518,4
0.636,0.701,-6.825,0.0363,0.414,0,0.106,0.352,113.886,4
0.398,0.292,-12.256,0.041,0.898,1.49E-05,0.112,0.154,127.339,4
0.411,0.277,-8.844,0.0305,0.903,0,0.209,0.345,143.768,4
0.572,0.541,-6.45,0.0245,0.759,0,0.111,0.266,87.01,4
0.46,0.444,-6.217,0.123,0.714,2.65E-05,0.0881,0.7,74.977,4
0.633,0.558,-6.572,0.0275,0.0839,1.10E-06,0.0982,0.501,110.012,4
0.813,0.554,-9.105,0.04,0.0906,1.23E-06,0.0629,0.782,103.953,4
0.593,0.967,-5.767,0.0907,0.166,2.54E-05,0.105,0.452,131.988,4
0.535,0.754,-4.77,0.0562,0.458,1.60E-06,0.302,0.435,143.862,4
0.559,0.541,-5.525,0.0313,0.34,4.66E-06,0.102,0.309,83.978,4
0.594,0.376,-9.528,0.0272,0.611,3.02E-06,0.119,0.333,96.41,4
0.644,0.423,-8.702,0.0324,0.464,0,0.11,0.509,131.903,4
0.567,0.298,-11.243,0.0291,0.835,0.000804,0.117,0.217,129.733,4
0.308,0.585,-5.18,0.0428,0.45,0,0.319,0.345,171.843,4
0.443,0.447,-7.895,0.0356,0.768,0,0.2,0.215,127.395,4
0.358,0.252,-9.51,0.0346,0.604,0,0.0915,0.284,145.549,4
0.605,0.53,-6.346,0.0246,0.821,0,0.131,0.397,93.95,4
0.395,0.397,-7.556,0.0368,0.735,0,0.11,0.303,70.568,4
0.314,0.475,-12.38,0.0838,0.779,0.00539,0.34,0.312,78.992,4
0.444,0.479,-5.586,0.0436,0.454,0,0.095,0.315,89.892,4
0.649,0.716,-3.936,0.0384,0.268,4.51E-06,0.603,0.639,86.949,4
0.767,0.683,-10.096,0.0505,0.17,1.42E-06,0.0755,0.343,124.991,4
0.445,0.604,-9.517,0.0535,0.0802,0,0.101,0.268,84.48,4
0.657,0.581,-8.108,0.0298,0.699,1.82E-05,0.116,0.323,118.037,4
0.51,0.612,-7.629,0.0372,0.412,1.58E-05,0.156,0.193,150.041,4
0.319,0.552,-6.401,0.0307,0.719,0,0.144,0.221,93.991,4
0.745,0.607,-7.088,0.0297,0.0272,0,0.0977,0.964,115.94,4
0.483,0.468,-7.642,0.0341,0.784,0,0.152,0.319,135.875,4
0.695,0.727,-6.274,0.0323,0.0744,0.000175,0.533,0.864,118.034,4
0.716,0.64,-8.726,0.025,0.565,0.00139,0.127,0.485,105.012,4
0.672,0.558,-7.936,0.0297,0.0111,1.31E-05,0.124,0.236,109.999,4
0.688,0.299,-12.812,0.162,0.506,0.0609,0.126,0.299,75.047,4
0.497,0.485,-9.796,0.0339,0.873,0,0.164,0.353,148.106,4
0.48,0.615,-6.006,0.0328,0.547,0,0.139,0.33,79.948,4
0.503,0.452,-11.153,0.0294,0.753,0.047,0.107,0.246,170,4
0.486,0.382,-6.183,0.0286,0.613,8.56E-05,0.149,0.164,125.918,4
0.534,0.481,-9.016,0.0412,0.697,0,0.142,0.293,124.914,4
0.652,0.406,-11.093,0.196,0.351,0.0068,0.305,0.454,162.014,4
0.604,0.72,-7.276,0.0603,0.571,1.18E-05,0.12,0.528,130.995,4
0.705,0.412,-9.203,0.175,0.416,0,0.105,0.307,84.904,4
0.531,0.355,-9.407,0.0455,0.881,0,0.0679,0.443,115.31,4
0.558,0.497,-7.175,0.0256,0.0285,5.36E-06,0.0799,0.444,107.047,4
0.666,0.432,-13.871,0.0344,0.414,6.43E-06,0.104,0.434,120.005,4
0.659,0.665,-8.181,0.0266,0.456,0.000486,0.0898,0.692,93.012,4
0.545,0.472,-8.259,0.0311,0.294,0,0.0871,0.195,129.988,4
0.435,0.658,-5.949,0.0368,0.699,0,0.125,0.524,77.17,4
0.356,0.47,-8.929,0.0278,0.518,1.00E-05,0.0807,0.167,93.895,4
0.644,0.818,-5.924,0.0549,0.431,2.62E-05,0.0806,0.789,118.477,4
0.362,0.763,-8.514,0.0589,0.015,0.00481,0.237,0.431,187.291,4
0.576,0.336,-10.659,0.0254,0.847,0,0.127,0.357,98.007,4
0.476,0.124,-9.463,0.0443,0.927,0,0.0972,0.19,94.299,4
0.483,0.494,-8.56,0.0326,0.715,0,0.109,0.414,179.976,4
0.762,0.717,-8.316,0.0372,0.315,1.87E-05,0.0914,0.958,109.996,4
0.55,0.356,-14.142,0.0405,0.637,0.187,0.32,0.343,159.911,4
0.544,0.307,-11.361,0.0334,0.791,0,0.11,0.335,177.808,4
0.6,0.294,-12.301,0.0292,0.871,8.66E-05,0.102,0.342,86.97,4
0.723,0.56,-8.324,0.035,0.645,7.42E-06,0.228,0.619,145.022,4
0.609,0.538,-7.842,0.0273,0.328,0,0.125,0.608,130.015,3
0.586,0.562,-7.399,0.0267,0.803,5.52E-06,0.063,0.436,93.982,3
0.273,0.405,-5.81,0.0298,0.735,0,0.189,0.534,89.48,3
0.413,0.406,-10.23,0.0353,0.768,2.22E-06,0.107,0.281,76.944,3
0.496,0.232,-12.643,0.0323,0.312,0,0.0588,0.426,84.966,3
0.763,0.587,-8.299,0.0381,0.358,6.03E-06,0.13,0.794,106.977,3
0.622,0.339,-13.01,0.0348,0.837,0.000479,0.0692,0.347,98.007,3
0.525,0.373,-12.467,0.0322,0.536,0.00123,0.366,0.148,99.825,3
0.736,0.697,-7.672,0.0416,0.115,1.47E-05,0.149,0.386,104.974,3
0.616,0.669,-6.836,0.0349,0.562,0,0.177,0.475,116.973,3
0.562,0.519,-8.744,0.0326,0.557,0.000268,0.172,0.415,122.925,3
0.527,0.376,-9.974,0.0298,0.682,0,0.142,0.24,151.928,3
0.575,0.845,-5.28,0.0852,0.393,0.0107,0.131,0.439,95.047,3
0.371,0.664,-5.027,0.0318,0.566,2.54E-05,0.159,0.672,187.629,3
0.636,0.701,-6.825,0.0363,0.414,0,0.106,0.352,113.886,3
0.488,0.57,-5.602,0.0775,0.251,0,0.107,0.668,169.702,3
0.637,0.591,-6.117,0.0342,0.504,3.29E-06,0.135,0.48,119.956,3
0.607,0.713,-5.105,0.03,0.56,4.98E-05,0.101,0.611,124.868,3
0.511,0.767,-5.699,0.0524,0.651,0,0.153,0.463,79.923,3
0.616,0.525,-7.065,0.0258,0.401,0.000484,0.309,0.427,79.976,3
0.385,0.464,-6.975,0.0404,0.452,0,0.109,0.15,137.839,3
0.619,0.429,-7.867,0.028,0.738,1.35E-05,0.136,0.545,90.058,3
0.679,0.591,-6.087,0.0391,0.125,3.36E-06,0.0815,0.495,120.004,3
0.739,0.716,-4.964,0.037,0.232,0,0.33,0.871,113.943,3
0.325,0.421,-8.636,0.0566,0.661,4.83E-06,0.0825,0.203,170.376,3
0.512,0.695,-6.349,0.0271,0.0265,0.00815,0.146,0.351,145.957,3
0.567,0.54,-5.754,0.0406,0.736,3.17E-05,0.164,0.331,92.027,3
0.635,0.472,-11.529,0.0539,0.139,0.695,0.119,0.232,170.001,3
0.559,0.696,-5.583,0.0472,0.536,0,0.325,0.391,128.855,3
0.371,0.664,-5.027,0.0318,0.566,2.54E-05,0.159,0.672,187.629,3
0.667,0.621,-5.697,0.0271,0.47,4.15E-05,0.13,0.451,106.032,3
0.465,0.822,-4.826,0.066,0.136,0.000442,0.0898,0.405,89.761,3
0.65,0.482,-8.667,0.0281,0.293,0,0.0811,0.517,106.994,3
0.698,0.505,-8.242,0.0356,0.354,0,0.0995,0.396,95.868,3
0.479,0.663,-6.314,0.0489,0.0987,0,0.216,0.379,158.107,3
0.687,0.542,-8.689,0.0307,0.571,0.0307,0.118,0.782,102.994,3
0.656,0.721,-5.064,0.0364,0.277,0.000139,0.188,0.883,83.95,3
0.572,0.736,-7.768,0.0658,0.643,0,0.128,0.778,85.035,3
0.308,0.585,-5.18,0.0428,0.45,0,0.319,0.345,171.843,3
0.626,0.522,-5.857,0.0317,0.686,0,0.41,0.628,118.001,3
0.517,0.716,-6.582,0.0509,0.611,0,0.11,0.594,122.952,3
0.647,0.792,-9.815,0.0373,0.00536,5.82E-05,0.054,0.306,132.032,3
0.473,0.562,-8.624,0.0451,0.65,0.000117,0.12,0.316,74.653,3
0.728,0.494,-9.628,0.0256,0.516,0.00384,0.0759,0.558,105.007,3
0.54,0.774,-7.873,0.0444,0.0524,0,0.142,0.384,191.809,3
0.51,0.34,-14.555,0.502,0.859,5.56E-05,0.107,0.343,179.52,3
0.727,0.9,-4.529,0.0452,0.0805,0.0464,0.154,0.505,131.97,3
0.541,0.512,-10.203,0.0291,0.74,0.000528,0.162,0.203,120.036,3
0.453,0.305,-7.578,0.0293,0.881,0,0.133,0.543,79,3
0.738,0.798,-6.663,0.0334,0.32,5.15E-06,0.31,0.793,123.01,3
0.524,0.758,-9.28,0.0538,0.27,0.13,0.106,0.319,140.012,3
0.679,0.622,-8.514,0.0328,0.272,6.52E-05,0.106,0.483,98.028,3
0.383,0.57,-9.26,0.04,0.764,0,0.082,0.713,90.057,3
0.78,0.744,-4.773,0.0298,0.161,0.0011,0.201,0.925,116.978,3
0.821,0.823,-5.455,0.1,0.235,0,0.207,0.479,107.953,3
0.762,0.717,-8.316,0.0372,0.315,1.87E-05,0.0914,0.958,109.996,3
0.271,0.726,-6.504,0.0527,0.586,0,0.353,0.532,87.425,3
0.694,0.484,-7.037,0.0343,0.468,0,0.107,0.214,122.897,3
0.556,0.552,-5.875,0.0373,0.531,0,0.121,0.531,100.051,3
0.679,0.748,-5.487,0.054,0.111,0,0.183,0.406,118.945,3
0.677,0.318,-9.196,0.028,0.775,0,0.118,0.585,104.983,3
0.577,0.379,-13.235,0.0374,0.909,0.000586,0.0986,0.26,139.585,3
0.582,0.418,-8.701,0.0288,0.794,0,0.109,0.243,112.909,3
0.589,0.522,-10.649,0.0391,0.642,2.74E-05,0.0992,0.31,109.094,3
0.468,0.91,-3.057,0.051,0.12,0.000304,0.271,0.694,163.842,3
0.792,0.63,-6.741,0.0682,0.102,0,0.0758,0.659,100.022,3
0.611,0.566,-5.861,0.0388,0.507,0,0.0971,0.312,82.984,3
0.659,0.774,-7.014,0.0372,0.606,0.000333,0.185,0.883,82.995,3
0.593,0.967,-5.767,0.0907,0.166,2.54E-05,0.105,0.452,131.988,3
0.644,0.818,-5.924,0.0549,0.431,2.62E-05,0.0806,0.789,118.477,3
0.301,0.581,-7.324,0.0422,0.602,0,0.0757,0.235,132.051,3
0.606,0.483,-10.08,0.0253,0.705,8.31E-05,0.134,0.228,91.978,3
0.523,0.561,-6.474,0.0329,0.426,0,0.109,0.31,139.885,3
0.535,0.754,-4.77,0.0562,0.458,1.60E-06,0.302,0.435,143.862,3
0.59,0.555,-6.861,0.0271,0.481,0,0.192,0.191,84.027,3
0.622,0.779,-5.799,0.037,0.102,0.000934,0.145,0.761,100.013,3
0.702,0.86,-3.969,0.0345,0.361,1.33E-06,0.133,0.829,120.042,3
0.585,0.687,-4.553,0.0724,0.551,6.70E-06,0.121,0.815,85.871,3
0.523,0.557,-7.799,0.0293,0.813,0.000581,0.0958,0.196,111.766,3
0.528,0.449,-6.25,0.025,0.785,0,0.122,0.317,94.058,3
0.476,0.788,-4.821,0.0446,0.237,2.49E-05,0.106,0.746,90.066,3
0.56,0.768,-4.77,0.0655,0.494,0,0.0844,0.289,155.765,3
0.715,0.89,-5.438,0.051,0.00111,0.000837,0.0297,0.891,134.994,3
0.574,0.841,-4.449,0.0948,0.399,1.00E-06,0.205,0.927,83.706,3
0.72,0.63,-5.549,0.0413,0.615,0,0.108,0.512,81.009,3
0.652,0.681,-7.565,0.0379,0.503,8.20E-06,0.181,0.677,81.489,3
0.314,0.475,-12.38,0.0838,0.779,0.00539,0.34,0.312,78.992,3
0.605,0.53,-6.346,0.0246,0.821,0,0.131,0.397,93.95,3
0.606,0.601,-5.576,0.0283,0.796,0.000511,0.127,0.453,125.961,3
0.576,0.72,-3.842,0.0409,0.438,0,0.0814,0.6,140.031,3
0.717,0.64,-8.726,0.025,0.565,0.00139,0.127,0.485,105.021,3
0.534,0.481,-9.016,0.0412,0.697,0,0.142,0.293,124.914,3
0.481,0.496,-7.421,0.0262,0.588,0,0.132,0.453,89.839,3
0.79,0.848,-7.798,0.0508,0.364,0.00147,0.148,0.641,127.034,3
0.688,0.701,-7.505,0.0298,0.06,0.0301,0.271,0.385,110.019,3
0.727,0.458,-9.088,0.0406,0.22,0.021,0.129,0.399,124.968,3
0.719,0.835,-7.391,0.0426,0.0902,0.00431,0.331,0.961,139.985,3
0.486,0.494,-8.56,0.0324,0.715,0,0.109,0.414,179.975,3
0.595,0.739,-6.733,0.0359,0.0716,6.98E-06,0.134,0.722,87.834,3
0.622,0.758,-6.641,0.11,0.153,0,0.0622,0.436,90.951,3
0.703,0.695,-5.518,0.118,0.654,0,0.103,0.683,92.003,3
0.432,0.695,-8.022,0.111,0.732,0.0014,0.274,0.513,116.153,3
0.662,0.4,-11.2,0.0548,0.735,1.65E-05,0.0863,0.617,79.972,3
0.545,0.472,-8.259,0.0311,0.294,0,0.0871,0.195,129.988,3
0.575,0.654,-8.248,0.0393,0.487,0,0.127,0.443,135.014,3
0.302,0.493,-5.038,0.0451,0.455,0,0.134,0.457,88.904,3
0.556,0.706,-5.709,0.0336,0.335,1.80E-06,0.137,0.726,80.008,3
0.722,0.288,-10.767,0.0444,0.827,1.06E-05,0.12,0.502,119.899,3
0.517,0.565,-10.184,0.0441,0.721,0.00689,0.0997,0.69,169.952,3
0.567,0.298,-11.243,0.0291,0.835,0.000804,0.117,0.217,129.733,3
0.512,0.752,-4.857,0.0534,0.305,0,0.708,0.428,127.965,3
0.565,0.527,-5.035,0.0252,0.148,2.30E-06,0.103,0.231,91.989,3
0.56,0.604,-8.732,0.0866,0.315,1.12E-06,0.176,0.75,84.784,3
0.528,0.615,-7.118,0.0372,0.491,0.000111,0.104,0.225,123.988,3
0.679,0.537,-7.843,0.0322,0.844,3.34E-06,0.108,0.481,111.979,3
0.468,0.854,-3.932,0.059,0.176,0,0.126,0.277,155.867,3
0.299,0.447,-7.862,0.0383,0.858,0.000314,0.097,0.321,121.723,3
0.647,0.656,-8.632,0.0354,0.657,0.000163,0.343,0.453,119.965,3
0.505,0.667,-5.797,0.0323,0.597,0,0.213,0.516,151.728,3
0.644,0.423,-8.702,0.0324,0.464,0,0.11,0.509,131.903,3
0.623,0.595,-6.342,0.0331,0.361,0.000136,0.353,0.418,78.029,3
0.594,0.548,-7.588,0.0267,0.611,0.00146,0.117,0.374,98.014,3
0.338,0.459,-8.827,0.027,0.533,1.33E-05,0.22,0.32,81.203,3
0.543,0.639,-8.36,0.0376,0.493,0.000111,0.119,0.583,153.966,3
0.566,0.541,-5.525,0.0306,0.341,4.45E-06,0.102,0.31,83.939,3
0.483,0.468,-7.642,0.0341,0.784,0,0.152,0.319,135.875,3
0.778,0.599,-4.758,0.032,0.0705,0,0.59,0.949,116.951,3
0.799,0.784,-5.207,0.0519,0.11,2.84E-06,0.227,0.26,96.953,3
0.786,0.667,-8.272,0.054,0.0112,0.053,0.074,0.688,102.046,3
0.595,0.817,-6.187,0.0474,0.000712,0.0386,0.142,0.483,144.961,3
0.663,0.412,-8.195,0.364,0.00434,0.019,0.215,0.356,98.023,3
0.296,0.581,-5.945,0.0338,0.433,0,0.0577,0.231,147.935,3
0.7,0.343,-10.474,0.0308,0.767,0,0.0789,0.488,137.864,3
0.634,0.378,-8.367,0.0295,0.566,0,0.0919,0.527,123.949,3
0.565,0.744,-5.817,0.0446,0.403,0,0.0853,0.415,134.068,3
0.376,0.643,-5.713,0.0411,0.558,0,0.217,0.646,136.224,3
0.576,0.591,-7.725,0.0332,0.795,6.85E-05,0.266,0.478,124.013,3
0.405,0.665,-5.498,0.0328,0.614,0,0.525,0.404,81.921,3
0.701,0.638,-3.711,0.302,0.492,0,0.153,0.813,177.867,3
0.585,0.698,-6.261,0.0392,0.42,3.59E-06,0.363,0.621,139.831,3
0.6,0.979,-3.513,0.243,0.138,0,0.1,0.453,137.06,3
0.855,0.553,-6.52,0.0331,0.19,5.19E-06,0.0942,0.874,124.922,3
0.701,0.681,-6.442,0.0466,0.134,0,0.064,0.81,122.539,3
0.77,0.84,-4.022,0.107,0.515,0.00452,0.145,0.192,96.012,3
0.791,0.558,-7.155,0.0661,0.276,0,0.0859,0.872,95.077,3
0.778,0.812,-8.561,0.046,0.0573,8.28E-06,0.243,0.791,99.962,3
0.604,0.72,-7.276,0.0603,0.571,1.18E-05,0.12,0.528,130.995,3
0.507,0.741,-7.456,0.0535,0.414,3.95E-06,0.107,0.492,132.903,3
0.503,0.381,-9.31,0.0283,0.722,1.15E-05,0.154,0.263,80.658,3
0.599,0.653,-7.576,0.122,0.362,0,0.144,0.678,79.968,3
0.494,0.899,-5.081,0.165,0.599,3.43E-05,0.111,0.559,79.895,3
0.654,0.671,-6.026,0.0807,0.359,7.49E-06,0.0656,0.76,90.063,3
0.467,0.791,-4.678,0.0948,0.168,0,0.253,0.695,83.354,3
0.586,0.833,-3.046,0.069,0.469,0,0.312,0.593,87.892,3
0.776,0.795,-5.454,0.0485,0.121,0,0.138,0.569,117.989,3
0.729,0.396,-8.98,0.0359,0.796,0,0.104,0.886,97.281,3
0.46,0.444,-6.217,0.123,0.714,2.65E-05,0.0881,0.7,74.977,3
0.272,0.195,-9.788,0.031,0.947,7.75E-06,0.0862,0.233,89.646,3
0.724,0.618,-9.007,0.0534,0.0533,0.704,0.0886,0.0683,100.021,3
0.786,0.677,-8.624,0.183,0.172,0.000104,0.0446,0.858,94.985,3
0.475,0.124,-9.463,0.0444,0.926,0,0.0972,0.19,94.42,3
0.62,0.111,-14.142,0.0355,0.896,0.00135,0.113,0.477,127.96,3
0.634,0.344,-11.011,0.0288,0.741,6.09E-05,0.111,0.409,128,3
0.565,0.657,-9.84,0.0545,0.229,0,0.214,0.604,93.034,3
0.577,0.574,-6.525,0.0278,0.572,0,0.1,0.436,94.009,3
0.556,0.202,-16.397,0.0324,0.915,0.0381,0.112,0.2,145.017,3
0.717,0.471,-7.971,0.0348,0.792,1.24E-06,0.327,0.426,110.026,3
0.656,0.762,-6.328,0.0315,0.549,0,0.139,0.558,110.002,3
0.575,0.541,-6.45,0.0237,0.759,0,0.111,0.27,87.022,3
0.657,0.581,-8.108,0.0298,0.699,1.82E-05,0.116,0.323,118.037,3
0.578,0.798,-6.01,0.0699,0.58,0,0.111,0.728,91.96,3
0.626,0.695,-4.446,0.0319,0.396,0,0.308,0.469,115.051,3
0.464,0.481,-6.391,0.033,0.787,1.09E-06,0.127,0.263,199.765,3
0.539,0.729,-7.588,0.0412,0.627,0.000941,0.128,0.435,112.074,3
0.213,0.506,-6.56,0.0367,0.654,0.00392,0.617,0.16,156.48,3
0.515,0.707,-5.467,0.0426,0.0357,0,0.134,0.304,143.752,3
0.499,0.683,-6.373,0.0334,0.703,0.00161,0.0749,0.295,134.95,3
0.394,0.641,-6.493,0.0312,0.276,0,0.0958,0.335,81.932,3
0.72,0.621,-9.773,0.0491,0.676,0,0.0679,0.566,114.987,3
0.48,0.615,-6.006,0.0328,0.547,0,0.139,0.33,79.948,3
0.717,0.416,-9.875,0.0303,0.635,1.43E-06,0.0976,0.381,100.026,3
0.495,0.654,-6.639,0.0679,0.713,0,0.165,0.35,123.896,3
0.711,0.295,-12.377,0.0334,0.534,4.51E-05,0.0782,0.694,135.041,3
0.751,0.669,-6.532,0.0359,0.342,1.31E-05,0.0822,0.359,119.014,3
0.588,0.23,-20.647,0.0423,0.643,2.66E-05,0.164,0.286,135.978,3
0.806,0.387,-9.13,0.0451,0.472,0,0.173,0.498,124.957,3
0.324,0.539,-8.076,0.038,0.713,3.15E-05,0.118,0.486,120.526,3
0.705,0.422,-7.375,0.0299,0.793,0,0.0895,0.482,117.948,3
0.645,0.517,-6.708,0.0273,0.522,3.27E-06,0.0905,0.259,106.906,3
0.299,0.359,-7.567,0.0297,0.844,0,0.132,0.205,103.842,3
0.711,0.346,-10.162,0.0291,0.766,0,0.212,0.771,91.993,3
0.773,0.795,-5.537,0.0412,0.0587,0.00237,0.154,0.649,115.997,3
0.557,0.599,-6.309,0.0447,0.556,1.22E-06,0.103,0.392,149.785,3
0.772,0.767,-4.792,0.0381,0.138,0,0.557,0.866,122.024,3
0.486,0.702,-6.542,0.0477,0.354,0.000116,0.0976,0.254,149.929,3
0.637,0.825,-6.612,0.0816,0.352,0,0.389,0.836,92.029,3
0.636,0.647,-6.97,0.0436,0.422,0,0.251,0.44,105.914,3
0.393,0.609,-5.954,0.0415,0.0558,2.22E-06,0.107,0.347,71.377,3
0.382,0.632,-6.393,0.0411,0.391,0.000486,0.0922,0.716,78.936,3
0.55,0.488,-8.059,0.0284,0.718,0.000118,0.126,0.301,136.025,3
0.621,0.859,-4.673,0.102,0.546,0,0.11,0.873,90.047,3
0.522,0.74,-7.018,0.0465,0.558,0,0.144,0.732,92.618,3
0.697,0.438,-8.411,0.0289,0.399,0,0.293,0.58,117.955,3
0.649,0.716,-3.936,0.0384,0.268,4.51E-06,0.603,0.639,86.949,3
0.539,0.547,-11.391,0.0345,0.842,0.00771,0.0774,0.175,97.066,3
0.564,0.867,-6.21,0.121,0.361,0,0.262,0.815,88.919,3
0.257,0.583,-8.185,0.0429,0.603,0.000289,0.146,0.217,160.127,3
0.633,0.727,-4.104,0.0383,0.173,0,0.153,0.543,123.959,3
0.619,0.88,-4.549,0.0535,0.0173,0.00104,0.166,0.392,129.969,3
0.718,0.573,-7.309,0.0451,0.458,0.00533,0.0953,0.686,180.043,3
0.688,0.523,-8.67,0.0349,0.365,0.0038,0.122,0.284,100.055,3
0.552,0.75,-5.215,0.039,0.445,7.37E-05,0.291,0.4,89.999,3
0.693,0.0617,-16.092,0.0497,0.865,0,0.13,0.522,89.901,3
0.531,0.787,-5.24,0.0452,0.548,1.41E-05,0.0813,0.693,88.943,3
0.576,0.688,-5.136,0.0319,0.346,0.0439,0.262,0.726,135.984,3
0.77,0.51,-5.469,0.192,0.137,0.000106,0.0346,0.533,188.067,3
0.552,0.769,-4.504,0.0465,0.497,0,0.112,0.702,86.957,3
0.461,0.481,-6.389,0.0327,0.789,1.01E-06,0.127,0.262,199.807,3
0.492,0.411,-9.616,0.03,0.749,1.04E-06,0.191,0.187,107.939,3
0.537,0.604,-7.576,0.054,0.757,0,0.322,0.41,173.915,3
0.356,0.47,-8.929,0.0278,0.518,1.00E-05,0.0807,0.167,93.895,3
0.54,0.718,-6.169,0.0429,0.022,0.000119,0.248,0.526,166.003,3
0.644,0.87,-4.816,0.0394,0.193,0,0.549,0.702,125.998,3
0.505,0.642,-5.864,0.0339,0.643,0,0.151,0.427,159.775,3
0.756,0.52,-8.642,0.0341,0.495,0,0.0901,0.684,119.92,3
0.473,0.401,-7.018,0.0241,0.629,1.17E-05,0.154,0.345,90.076,3
0.712,0.776,-7.424,0.213,0.541,2.17E-06,0.0896,0.96,89.934,3
0.745,0.432,-8.092,0.0406,0.629,0,0.351,0.693,104.018,3
0.533,0.732,-7.901,0.0424,0.166,0.000189,0.138,0.554,90.315,3
0.553,0.705,-6.898,0.0308,0.478,0,0.278,0.324,95.007,3
0.569,0.45,-9.732,0.03,0.671,0.000334,0.0907,0.423,143.847,3
0.697,0.315,-10.168,0.0503,0.932,0,0.392,0.659,113.695,3
0.799,0.542,-7.142,0.0308,0.0858,1.50E-06,0.126,0.673,107.993,3
0.419,0.679,-8.052,0.0384,0.493,0.00229,0.119,0.368,169.911,3
0.651,0.503,-8.729,0.0261,0.504,0,0.469,0.58,108.014,3
0.495,0.556,-7.49,0.041,0.638,0,0.123,0.366,159.996,3
0.699,0.299,-12.599,0.0403,0.869,0,0.0724,0.459,118.969,3
0.707,0.501,-7.389,0.0372,0.387,1.81E-06,0.095,0.542,93.978,3
0.567,0.546,-8.316,0.0405,0.301,1.69E-06,0.129,0.401,113.806,3
0.784,0.454,-8.925,0.14,0.63,0.000502,0.102,0.668,91.013,3
0.543,0.665,-8.295,0.0623,0.505,6.41E-06,0.144,0.495,81.97,3
0.673,0.663,-10.026,0.0446,0.0648,1.79E-05,0.117,0.678,124.002,3
0.679,0.421,-9.13,0.0344,0.685,6.81E-06,0.244,0.65,81.012,3
0.804,0.748,-14.163,0.0616,0.11,0,0.0998,0.699,131.989,3
0.401,0.517,-6.618,0.0481,0.0661,0,0.202,0.471,128.451,3
0.388,0.532,-6.352,0.0414,0.456,0,0.167,0.444,179.642,3
0.846,0.634,-7.753,0.0432,0.122,0,0.146,0.944,104.964,3
0.639,0.233,-12.47,0.0345,0.868,0,0.151,0.607,136.772,3
0.495,0.633,-6.603,0.0474,0.765,0.000144,0.0858,0.477,89.632,3
0.656,0.551,-6.43,0.0299,0.721,1.26E-06,0.0947,0.329,114.106,3
0.581,0.71,-4.961,0.0374,0.395,0,0.137,0.755,111.969,3
0.676,0.671,-6.271,0.0526,0.568,0,0.0885,0.572,81.046,3
0.523,0.645,-5.186,0.0335,0.559,2.47E-06,0.14,0.463,89.988,3
0.676,0.376,-11.282,0.0351,0.887,0.000183,0.0853,0.226,113.948,3
0.643,0.33,-13.074,0.0318,0.854,0.404,0.151,0.796,93.093,3
0.673,0.714,-8.042,0.039,0.111,0,0.0858,0.78,112.941,3
0.545,0.77,-6.102,0.0655,0.308,2.80E-05,0.167,0.696,159.975,3
0.594,0.757,-5.381,0.0504,0.606,0,0.251,0.597,127.894,3
0.499,0.541,-10.463,0.0448,0.744,0.00167,0.0579,0.381,81.198,3
0.469,0.361,-8.275,0.0293,0.785,0.00154,0.104,0.0775,111.972,3
0.464,0.391,-9.884,0.0384,0.755,9.64E-05,0.105,0.418,106.887,3
0.534,0.863,-4.616,0.0357,0.0152,0.0167,0.144,0.374,98.006,3
0.655,0.473,-9.806,0.0267,0.842,0.0323,0.167,0.572,92.962,3
0.558,0.497,-7.175,0.0256,0.0285,5.36E-06,0.0799,0.444,107.047,3
0.6,0.294,-12.301,0.0292,0.871,8.66E-05,0.102,0.342,86.97,3
0.53,0.557,-6.373,0.031,0.648,0.00029,0.123,0.359,86.983,3
0.446,0.561,-8.987,0.0591,0.363,2.40E-05,0.128,0.524,102.669,3
0.688,0.196,-13.763,0.058,0.965,0.00093,0.109,0.54,111.983,3
0.625,0.598,-6.6,0.0373,0.616,0,0.299,0.5,90.078,3
0.737,0.458,-5.805,0.0317,0.601,6.98E-06,0.138,0.456,89.993,3
0.589,0.811,-5.052,0.0429,0.473,0,0.114,0.166,119.969,3
0.657,0.489,-6.829,0.0306,0.713,0,0.124,0.399,116,3
0.517,0.561,-5.777,0.0303,0.407,0,0.0853,0.448,75.977,3
0.581,0.71,-4.961,0.0374,0.395,0,0.137,0.755,111.969,3
0.71,0.813,-6.099,0.0381,0.545,1.68E-05,0.105,0.847,139.998,3
0.552,0.75,-5.215,0.039,0.445,7.37E-05,0.291,0.4,89.999,3
0.681,0.917,-5.295,0.0573,0.343,0,0.663,0.772,116.03,3
0.578,0.444,-11.447,0.0644,0.44,0,0.146,0.36,76.032,3
0.898,0.435,-8.834,0.0489,0.555,0,0.139,0.836,115.034,3
0.571,0.395,-10.502,0.0372,0.601,0.000247,0.255,0.631,173.998,3
0.594,0.399,-9.091,0.0325,0.702,8.63E-06,0.356,0.486,114.894,3
0.435,0.658,-5.949,0.0368,0.699,0,0.125,0.524,77.17,3
0.833,0.754,-7.555,0.0513,0.0166,0,0.246,0.65,108.001,3
0.73,0.58,-7.976,0.124,0.0399,2.48E-05,0.0703,0.55,167.915,3
0.619,0.604,-6.746,0.0726,0.742,4.39E-05,0.11,0.509,97.13,3
0.271,0.726,-6.504,0.0527,0.586,0,0.353,0.532,87.425,3
0.567,0.526,-5.029,0.0251,0.153,2.34E-06,0.103,0.231,91.999,3
0.682,0.344,-8.567,0.0281,0.789,0,0.121,0.548,104.984,3
0.319,0.552,-6.401,0.0307,0.719,0,0.144,0.221,93.991,3
0.675,0.579,-11.976,0.0308,0.369,3.38E-06,0.118,0.724,97.01,3
0.8,0.655,-7.775,0.0534,0.029,2.34E-06,0.131,0.547,99.981,3
0.442,0.574,-6.394,0.0828,0.273,0,0.094,0.308,167.857,3
0.775,0.407,-9.377,0.106,0.703,0,0.293,0.492,119.906,3
